
/*Data for the table `action` */

insert  into `action`(`id`,`code`,`name`,`description`,`TYPE`,`action_scope`,`trigger_result`,`default_utterance_id`,`status`,`creator_id`,`create_time`,`modifier_id`,`modify_time`,`trigger_case`,`trigger_default_value`,`trigger_value_type`) values (1,'AskRepeat','重问','针对于客户的回答不能识别时，发起重问动作',0,0,NULL,1,1,1,'2018-04-20 17:16:36',1,'2018-04-20 18:56:57',0,'6',0);
insert  into `action`(`id`,`code`,`name`,`description`,`TYPE`,`action_scope`,`trigger_result`,`default_utterance_id`,`status`,`creator_id`,`create_time`,`modifier_id`,`modify_time`,`trigger_case`,`trigger_default_value`,`trigger_value_type`) values (2,'Confirm','确认','针对于客户的回答比较模糊时，发起确认操作',0,0,NULL,4,1,1,'2018-04-20 17:37:47',1,'2018-04-20 18:57:20',0,'9',0);
insert  into `action`(`id`,`code`,`name`,`description`,`TYPE`,`action_scope`,`trigger_result`,`default_utterance_id`,`status`,`creator_id`,`create_time`,`modifier_id`,`modify_time`,`trigger_case`,`trigger_default_value`,`trigger_value_type`) values (4,'BreakQA','问答中止','针对于同一问题咨询多次无果，则中止该问题',0,0,NULL,NULL,1,1,'2018-04-20 17:42:56',NULL,NULL,1,'3',1);
insert  into `action`(`id`,`code`,`name`,`description`,`TYPE`,`action_scope`,`trigger_result`,`default_utterance_id`,`status`,`creator_id`,`create_time`,`modifier_id`,`modify_time`,`trigger_case`,`trigger_default_value`,`trigger_value_type`) values (5,'BreakTask','会话中止','针对于问答多次识别无果，则中止该会话',0,0,NULL,NULL,1,1,'2018-04-20 17:46:31',NULL,NULL,1,'5',1);
insert  into `action`(`id`,`code`,`name`,`description`,`TYPE`,`action_scope`,`trigger_result`,`default_utterance_id`,`status`,`creator_id`,`create_time`,`modifier_id`,`modify_time`,`trigger_case`,`trigger_default_value`,`trigger_value_type`) values (6,'WaitTimeOut','等待超时','针对于提问后，客户长时间没有响应',0,0,'AskRepeat',19,1,1,'2018-04-20 17:50:00',1,'2018-06-01 16:33:04',2,'5',2);
insert  into `action`(`id`,`code`,`name`,`description`,`TYPE`,`action_scope`,`trigger_result`,`default_utterance_id`,`status`,`creator_id`,`create_time`,`modifier_id`,`modify_time`,`trigger_case`,`trigger_default_value`,`trigger_value_type`) values (7,'PrioriProb[3]','前值参考率','针对于前次用户回答进行记忆，用于本次回答关联参考占比',1,0,NULL,NULL,NULL,1,'2018-04-20 17:53:48',NULL,NULL,3,'AskRepeat',0);
insert  into `action`(`id`,`code`,`name`,`description`,`TYPE`,`action_scope`,`trigger_result`,`default_utterance_id`,`status`,`creator_id`,`create_time`,`modifier_id`,`modify_time`,`trigger_case`,`trigger_default_value`,`trigger_value_type`) values (8,'ConfirmDisagree','不同意确认信息','针对于客服Comfirm操作，客户进行了否决处理',0,0,NULL,NULL,1,1,'2018-04-20 17:57:36',NULL,NULL,3,'Confirm',0);
insert  into `action`(`id`,`code`,`name`,`description`,`TYPE`,`action_scope`,`trigger_result`,`default_utterance_id`,`status`,`creator_id`,`create_time`,`modifier_id`,`modify_time`,`trigger_case`,`trigger_default_value`,`trigger_value_type`) values (9,'PreHandle','前置处理','在问答进入前的扩展处理',1,0,NULL,NULL,1,1,'2018-05-03 18:30:36',NULL,NULL,0,'1',0);
insert  into `action`(`id`,`code`,`name`,`description`,`TYPE`,`action_scope`,`trigger_result`,`default_utterance_id`,`status`,`creator_id`,`create_time`,`modifier_id`,`modify_time`,`trigger_case`,`trigger_default_value`,`trigger_value_type`) values (10,'PostHandle','后置处理','在问答处理后进行后置扩展处理',1,0,NULL,NULL,1,1,'2018-05-03 18:31:39',NULL,NULL,0,'1',0);
insert  into `action`(`id`,`code`,`name`,`description`,`TYPE`,`action_scope`,`trigger_result`,`default_utterance_id`,`status`,`creator_id`,`create_time`,`modifier_id`,`modify_time`,`trigger_case`,`trigger_default_value`,`trigger_value_type`) values (11,'GroundQA','落地问答','当一轮问答识别结果后，进行落地处理，主要是话术',0,0,NULL,5,1,1,'2018-05-06 15:55:19',1,'2018-05-06 15:56:04',3,'1',0);
insert  into `action`(`id`,`code`,`name`,`description`,`TYPE`,`action_scope`,`trigger_result`,`default_utterance_id`,`status`,`creator_id`,`create_time`,`modifier_id`,`modify_time`,`trigger_case`,`trigger_default_value`,`trigger_value_type`) values (12,'GotoNext','下一节点','下一各节点设置',1,0,NULL,NULL,1,1,'2018-06-04 17:37:47',1,'2018-06-04 17:38:11',3,' ',2);

/*Data for the table `corpus` */

insert  into `corpus`(`id`,`content`,`slot_numbers`,`status`,`creator_id`,`create_time`,`modifier_id`,`modify_time`,`task_id`) values (1,'你给我订{人数}张{启程日}从{出发地}出发去{目的地}的机票',4,1,1,'2018-05-21 17:51:00',NULL,NULL,1);
insert  into `corpus`(`id`,`content`,`slot_numbers`,`status`,`creator_id`,`create_time`,`modifier_id`,`modify_time`,`task_id`) values (2,'你帮我订{人数}张{启程日}{出发地}到{目的地}的票',4,1,1,'2018-05-21 17:51:35',NULL,NULL,1);
insert  into `corpus`(`id`,`content`,`slot_numbers`,`status`,`creator_id`,`create_time`,`modifier_id`,`modify_time`,`task_id`) values (3,'{人数}张{启程日}{出发地}到{目的地}',4,1,1,'2018-05-21 17:51:44',NULL,NULL,1);
insert  into `corpus`(`id`,`content`,`slot_numbers`,`status`,`creator_id`,`create_time`,`modifier_id`,`modify_time`,`task_id`) values (4,'{启程日}从{出发地}到{目的地}',3,1,1,'2018-05-21 17:51:52',NULL,NULL,1);
insert  into `corpus`(`id`,`content`,`slot_numbers`,`status`,`creator_id`,`create_time`,`modifier_id`,`modify_time`,`task_id`) values (5,'{启程日}去{目的地}',2,1,1,'2018-05-21 17:51:59',NULL,NULL,1);
insert  into `corpus`(`id`,`content`,`slot_numbers`,`status`,`creator_id`,`create_time`,`modifier_id`,`modify_time`,`task_id`) values (6,'到{目的地}',1,1,1,'2018-05-21 17:52:09',NULL,NULL,1);
insert  into `corpus`(`id`,`content`,`slot_numbers`,`status`,`creator_id`,`create_time`,`modifier_id`,`modify_time`,`task_id`) values (7,'{启程日}到{目的地}',2,1,1,'2018-05-21 17:52:54',NULL,NULL,1);
insert  into `corpus`(`id`,`content`,`slot_numbers`,`status`,`creator_id`,`create_time`,`modifier_id`,`modify_time`,`task_id`) values (8,'去{目的地}',1,1,NULL,NULL,NULL,NULL,1);
insert  into `corpus`(`id`,`content`,`slot_numbers`,`status`,`creator_id`,`create_time`,`modifier_id`,`modify_time`,`task_id`) values (9,'{出发地}出发',1,1,1,'2018-05-25 16:29:00',NULL,NULL,1);
insert  into `corpus`(`id`,`content`,`slot_numbers`,`status`,`creator_id`,`create_time`,`modifier_id`,`modify_time`,`task_id`) values (10,'还是{人数}张吧',1,1,1,'2018-05-25 17:37:27',NULL,NULL,1);

/*Data for the table `dictionary` */

insert  into `dictionary`(`dictionary_id`,`dictionary_name`,`dictionary_code`,`dictionary_desc`,`ext1`,`ext2`,`op_id`,`create_time`,`modify_op_id`,`modify_time`,`del_flag`) values (1,'布尔','DEFAULT.BOOLEAN',NULL,NULL,NULL,NULL,NULL,NULL,NULL,NULL);
insert  into `dictionary`(`dictionary_id`,`dictionary_name`,`dictionary_code`,`dictionary_desc`,`ext1`,`ext2`,`op_id`,`create_time`,`modify_op_id`,`modify_time`,`del_flag`) values (2,'缺省枚举','DEFAULT.HOLDER',NULL,NULL,NULL,NULL,NULL,NULL,NULL,0);
insert  into `dictionary`(`dictionary_id`,`dictionary_name`,`dictionary_code`,`dictionary_desc`,`ext1`,`ext2`,`op_id`,`create_time`,`modify_op_id`,`modify_time`,`del_flag`) values (3,'性别','DEFAULT.GENDER',NULL,NULL,NULL,NULL,NULL,NULL,NULL,0);
insert  into `dictionary`(`dictionary_id`,`dictionary_name`,`dictionary_code`,`dictionary_desc`,`ext1`,`ext2`,`op_id`,`create_time`,`modify_op_id`,`modify_time`,`del_flag`) values (74,'有.无','DEFAULT.BOOLEAN-EXISTS',NULL,NULL,NULL,NULL,NULL,NULL,NULL,0);
insert  into `dictionary`(`dictionary_id`,`dictionary_name`,`dictionary_code`,`dictionary_desc`,`ext1`,`ext2`,`op_id`,`create_time`,`modify_op_id`,`modify_time`,`del_flag`) values (77,'是.否','DEFAULT.BOOLEAN-YES-NO',NULL,NULL,NULL,NULL,NULL,NULL,NULL,0);
insert  into `dictionary`(`dictionary_id`,`dictionary_name`,`dictionary_code`,`dictionary_desc`,`ext1`,`ext2`,`op_id`,`create_time`,`modify_op_id`,`modify_time`,`del_flag`) values (78,'正常.停用','DEFAULT.BOOLEAN-NORMAL-DISABLE',NULL,NULL,NULL,NULL,NULL,NULL,NULL,0);
insert  into `dictionary`(`dictionary_id`,`dictionary_name`,`dictionary_code`,`dictionary_desc`,`ext1`,`ext2`,`op_id`,`create_time`,`modify_op_id`,`modify_time`,`del_flag`) values (79,'用户-性别','user.gender',NULL,NULL,NULL,NULL,NULL,NULL,NULL,NULL);
insert  into `dictionary`(`dictionary_id`,`dictionary_name`,`dictionary_code`,`dictionary_desc`,`ext1`,`ext2`,`op_id`,`create_time`,`modify_op_id`,`modify_time`,`del_flag`) values (80,'用户-状态','user.status',NULL,NULL,NULL,NULL,NULL,NULL,NULL,NULL);
insert  into `dictionary`(`dictionary_id`,`dictionary_name`,`dictionary_code`,`dictionary_desc`,`ext1`,`ext2`,`op_id`,`create_time`,`modify_op_id`,`modify_time`,`del_flag`) values (81,'组织-状态','organize.status',NULL,NULL,NULL,NULL,NULL,NULL,NULL,NULL);
insert  into `dictionary`(`dictionary_id`,`dictionary_name`,`dictionary_code`,`dictionary_desc`,`ext1`,`ext2`,`op_id`,`create_time`,`modify_op_id`,`modify_time`,`del_flag`) values (82,'组织-组织类型','organize.organize_type',NULL,NULL,NULL,NULL,NULL,NULL,NULL,NULL);
insert  into `dictionary`(`dictionary_id`,`dictionary_name`,`dictionary_code`,`dictionary_desc`,`ext1`,`ext2`,`op_id`,`create_time`,`modify_op_id`,`modify_time`,`del_flag`) values (83,'组织-组织级别','organize.organize_level',NULL,NULL,NULL,NULL,NULL,NULL,NULL,NULL);
insert  into `dictionary`(`dictionary_id`,`dictionary_name`,`dictionary_code`,`dictionary_desc`,`ext1`,`ext2`,`op_id`,`create_time`,`modify_op_id`,`modify_time`,`del_flag`) values (84,'角色-状态','role.status',NULL,NULL,NULL,NULL,NULL,NULL,NULL,NULL);
insert  into `dictionary`(`dictionary_id`,`dictionary_name`,`dictionary_code`,`dictionary_desc`,`ext1`,`ext2`,`op_id`,`create_time`,`modify_op_id`,`modify_time`,`del_flag`) values (85,'角色-角色类型','role.role_type',NULL,NULL,NULL,NULL,NULL,NULL,NULL,NULL);
insert  into `dictionary`(`dictionary_id`,`dictionary_name`,`dictionary_code`,`dictionary_desc`,`ext1`,`ext2`,`op_id`,`create_time`,`modify_op_id`,`modify_time`,`del_flag`) values (86,'菜单-菜单级别','menu.menu_level',NULL,NULL,NULL,NULL,NULL,NULL,NULL,NULL);
insert  into `dictionary`(`dictionary_id`,`dictionary_name`,`dictionary_code`,`dictionary_desc`,`ext1`,`ext2`,`op_id`,`create_time`,`modify_op_id`,`modify_time`,`del_flag`) values (87,'用户授权-状态','user_authorize.status',NULL,NULL,NULL,NULL,NULL,NULL,NULL,NULL);
insert  into `dictionary`(`dictionary_id`,`dictionary_name`,`dictionary_code`,`dictionary_desc`,`ext1`,`ext2`,`op_id`,`create_time`,`modify_op_id`,`modify_time`,`del_flag`) values (88,'角色授权-状态','role_authorize.status',NULL,NULL,NULL,NULL,NULL,NULL,NULL,NULL);
insert  into `dictionary`(`dictionary_id`,`dictionary_name`,`dictionary_code`,`dictionary_desc`,`ext1`,`ext2`,`op_id`,`create_time`,`modify_op_id`,`modify_time`,`del_flag`) values (106,'选项集-状态','options.status','','','',NULL,NULL,1,'2018-04-20 15:44:54',NULL);
insert  into `dictionary`(`dictionary_id`,`dictionary_name`,`dictionary_code`,`dictionary_desc`,`ext1`,`ext2`,`op_id`,`create_time`,`modify_op_id`,`modify_time`,`del_flag`) values (107,'选项-状态','option.status','','','',NULL,NULL,1,'2018-04-20 15:46:09',NULL);
insert  into `dictionary`(`dictionary_id`,`dictionary_name`,`dictionary_code`,`dictionary_desc`,`ext1`,`ext2`,`op_id`,`create_time`,`modify_op_id`,`modify_time`,`del_flag`) values (108,'词库-词库类型','thesaurus.TYPE','','','',NULL,NULL,1,'2018-04-20 16:28:37',NULL);
insert  into `dictionary`(`dictionary_id`,`dictionary_name`,`dictionary_code`,`dictionary_desc`,`ext1`,`ext2`,`op_id`,`create_time`,`modify_op_id`,`modify_time`,`del_flag`) values (109,'词库-状态','thesaurus.status','','','',NULL,NULL,1,'2018-04-20 16:29:17',NULL);
insert  into `dictionary`(`dictionary_id`,`dictionary_name`,`dictionary_code`,`dictionary_desc`,`ext1`,`ext2`,`op_id`,`create_time`,`modify_op_id`,`modify_time`,`del_flag`) values (110,'词汇-状态','words.status','','','',NULL,NULL,1,'2018-04-20 16:29:45',NULL);
insert  into `dictionary`(`dictionary_id`,`dictionary_name`,`dictionary_code`,`dictionary_desc`,`ext1`,`ext2`,`op_id`,`create_time`,`modify_op_id`,`modify_time`,`del_flag`) values (111,'任务-状态','task.status','','','',NULL,NULL,1,'2018-04-20 19:07:45',NULL);
insert  into `dictionary`(`dictionary_id`,`dictionary_name`,`dictionary_code`,`dictionary_desc`,`ext1`,`ext2`,`op_id`,`create_time`,`modify_op_id`,`modify_time`,`del_flag`) values (112,'工作模式-话术选择方式','actions.utterance_select_method','','','',NULL,NULL,1,'2018-04-20 16:42:20',NULL);
insert  into `dictionary`(`dictionary_id`,`dictionary_name`,`dictionary_code`,`dictionary_desc`,`ext1`,`ext2`,`op_id`,`create_time`,`modify_op_id`,`modify_time`,`del_flag`) values (113,'话术-状态','utterance.status','','','',NULL,NULL,1,'2018-04-20 18:46:41',NULL);
insert  into `dictionary`(`dictionary_id`,`dictionary_name`,`dictionary_code`,`dictionary_desc`,`ext1`,`ext2`,`op_id`,`create_time`,`modify_op_id`,`modify_time`,`del_flag`) values (114,'行为-作用域','action.action_scope','','','',NULL,NULL,1,'2018-04-20 16:43:13',NULL);
insert  into `dictionary`(`dictionary_id`,`dictionary_name`,`dictionary_code`,`dictionary_desc`,`ext1`,`ext2`,`op_id`,`create_time`,`modify_op_id`,`modify_time`,`del_flag`) values (115,'行为-触发条件','action.trigger_case','','','',NULL,NULL,1,'2018-04-20 16:45:23',NULL);
insert  into `dictionary`(`dictionary_id`,`dictionary_name`,`dictionary_code`,`dictionary_desc`,`ext1`,`ext2`,`op_id`,`create_time`,`modify_op_id`,`modify_time`,`del_flag`) values (116,'行为-状态','action.status','','','',NULL,NULL,1,'2018-04-20 16:45:50',NULL);
insert  into `dictionary`(`dictionary_id`,`dictionary_name`,`dictionary_code`,`dictionary_desc`,`ext1`,`ext2`,`op_id`,`create_time`,`modify_op_id`,`modify_time`,`del_flag`) values (117,'语义解析器-解析类型','semantic_parser.parse_type','','','',NULL,NULL,1,'2018-04-20 19:00:48',NULL);
insert  into `dictionary`(`dictionary_id`,`dictionary_name`,`dictionary_code`,`dictionary_desc`,`ext1`,`ext2`,`op_id`,`create_time`,`modify_op_id`,`modify_time`,`del_flag`) values (118,'语义解析器-解析方式','semantic_parser.parse_method','','','',NULL,NULL,1,'2018-04-20 19:01:58',NULL);
insert  into `dictionary`(`dictionary_id`,`dictionary_name`,`dictionary_code`,`dictionary_desc`,`ext1`,`ext2`,`op_id`,`create_time`,`modify_op_id`,`modify_time`,`del_flag`) values (119,'语义解析器-是否为默认解析器','semantic_parser.is_default','','','',NULL,NULL,1,'2018-04-20 19:02:20',NULL);
insert  into `dictionary`(`dictionary_id`,`dictionary_name`,`dictionary_code`,`dictionary_desc`,`ext1`,`ext2`,`op_id`,`create_time`,`modify_op_id`,`modify_time`,`del_flag`) values (120,'语义解析器-状态','semantic_parser.status','','','',NULL,NULL,1,'2018-04-20 19:02:38',NULL);
insert  into `dictionary`(`dictionary_id`,`dictionary_name`,`dictionary_code`,`dictionary_desc`,`ext1`,`ext2`,`op_id`,`create_time`,`modify_op_id`,`modify_time`,`del_flag`) values (121,'问答-答案类型','QnA.answer_type',NULL,NULL,NULL,NULL,NULL,NULL,NULL,NULL);
insert  into `dictionary`(`dictionary_id`,`dictionary_name`,`dictionary_code`,`dictionary_desc`,`ext1`,`ext2`,`op_id`,`create_time`,`modify_op_id`,`modify_time`,`del_flag`) values (122,'问答-状态','QnA.status','','','',NULL,NULL,1,'2018-04-20 19:44:38',NULL);
insert  into `dictionary`(`dictionary_id`,`dictionary_name`,`dictionary_code`,`dictionary_desc`,`ext1`,`ext2`,`op_id`,`create_time`,`modify_op_id`,`modify_time`,`del_flag`) values (123,'行为-行为类型','action.TYPE','','','',NULL,NULL,1,'2018-04-20 16:50:02',NULL);
insert  into `dictionary`(`dictionary_id`,`dictionary_name`,`dictionary_code`,`dictionary_desc`,`ext1`,`ext2`,`op_id`,`create_time`,`modify_op_id`,`modify_time`,`del_flag`) values (124,'行为-触发值类型','action.trigger_value_type','','','',NULL,NULL,1,'2018-04-20 17:13:17',NULL);
insert  into `dictionary`(`dictionary_id`,`dictionary_name`,`dictionary_code`,`dictionary_desc`,`ext1`,`ext2`,`op_id`,`create_time`,`modify_op_id`,`modify_time`,`del_flag`) values (125,'工作模式.状态','model.status','','','',1,'2018-04-20 19:10:23',NULL,NULL,0);
insert  into `dictionary`(`dictionary_id`,`dictionary_name`,`dictionary_code`,`dictionary_desc`,`ext1`,`ext2`,`op_id`,`create_time`,`modify_op_id`,`modify_time`,`del_flag`) values (126,'模式关联行为.状态','model_actions.status','','','',1,'2018-04-20 19:10:59',NULL,NULL,0);
insert  into `dictionary`(`dictionary_id`,`dictionary_name`,`dictionary_code`,`dictionary_desc`,`ext1`,`ext2`,`op_id`,`create_time`,`modify_op_id`,`modify_time`,`del_flag`) values (127,'机器人类型','robot.type','','','',1,'2018-05-09 17:43:30',NULL,NULL,0);
insert  into `dictionary`(`dictionary_id`,`dictionary_name`,`dictionary_code`,`dictionary_desc`,`ext1`,`ext2`,`op_id`,`create_time`,`modify_op_id`,`modify_time`,`del_flag`) values (128,'机器人状态','robot.status','','','',1,'2018-05-09 17:44:12',NULL,NULL,0);
insert  into `dictionary`(`dictionary_id`,`dictionary_name`,`dictionary_code`,`dictionary_desc`,`ext1`,`ext2`,`op_id`,`create_time`,`modify_op_id`,`modify_time`,`del_flag`) values (129,'点对点应答类型','p2p_reply.type','','','',1,'2018-06-01 14:48:28',1,'2018-06-01 14:48:51',0);
insert  into `dictionary`(`dictionary_id`,`dictionary_name`,`dictionary_code`,`dictionary_desc`,`ext1`,`ext2`,`op_id`,`create_time`,`modify_op_id`,`modify_time`,`del_flag`) values (130,'点对点应答状态','p2p_reply.status','','','',1,'2018-06-01 14:49:34',NULL,NULL,0);
insert  into `dictionary`(`dictionary_id`,`dictionary_name`,`dictionary_code`,`dictionary_desc`,`ext1`,`ext2`,`op_id`,`create_time`,`modify_op_id`,`modify_time`,`del_flag`) values (131,'点对点语料匹配类型','p2p_corpus.matching_type','','','',1,'2018-06-01 14:50:34',1,'2018-06-01 14:59:53',0);
insert  into `dictionary`(`dictionary_id`,`dictionary_name`,`dictionary_code`,`dictionary_desc`,`ext1`,`ext2`,`op_id`,`create_time`,`modify_op_id`,`modify_time`,`del_flag`) values (132,'点对点语料状态','p2p_corpus.status','','','',1,'2018-06-01 14:51:09',NULL,NULL,0);
insert  into `dictionary`(`dictionary_id`,`dictionary_name`,`dictionary_code`,`dictionary_desc`,`ext1`,`ext2`,`op_id`,`create_time`,`modify_op_id`,`modify_time`,`del_flag`) values (133,'任务FAQ转换模式','task.faq_pattern','','','',1,'2018-06-01 15:30:42',1,'2018-06-01 15:35:03',0);
insert  into `dictionary`(`dictionary_id`,`dictionary_name`,`dictionary_code`,`dictionary_desc`,`ext1`,`ext2`,`op_id`,`create_time`,`modify_op_id`,`modify_time`,`del_flag`) values (134,'句法定义.句类','syntax_def.type','','','',1,'2018-06-14 15:02:20',NULL,NULL,0);
insert  into `dictionary`(`dictionary_id`,`dictionary_name`,`dictionary_code`,`dictionary_desc`,`ext1`,`ext2`,`op_id`,`create_time`,`modify_op_id`,`modify_time`,`del_flag`) values (135,'句法定义.状态','syntax_def.status','','','',1,'2018-06-14 15:07:43',NULL,NULL,0);
insert  into `dictionary`(`dictionary_id`,`dictionary_name`,`dictionary_code`,`dictionary_desc`,`ext1`,`ext2`,`op_id`,`create_time`,`modify_op_id`,`modify_time`,`del_flag`) values (136,'词性','natures.type','','','',1,'2018-06-27 17:38:15',NULL,NULL,0);

/*Data for the table `dictionary_item` */

insert  into `dictionary_item`(`dictionary_item_id`,`value`,`text`,`desc`,`is_default`,`pri`,`ext1`,`ext2`,`dictionary_id`,`dictionary_code`,`op_id`,`create_time`,`modify_op_id`,`modify_time`,`del_flag`) values (1,'0','否','',0,'2.99',NULL,NULL,1,NULL,NULL,NULL,NULL,NULL,0);
insert  into `dictionary_item`(`dictionary_item_id`,`value`,`text`,`desc`,`is_default`,`pri`,`ext1`,`ext2`,`dictionary_id`,`dictionary_code`,`op_id`,`create_time`,`modify_op_id`,`modify_time`,`del_flag`) values (2,'1','是','',1,'1.99',NULL,NULL,1,NULL,NULL,NULL,NULL,NULL,NULL);
insert  into `dictionary_item`(`dictionary_item_id`,`value`,`text`,`desc`,`is_default`,`pri`,`ext1`,`ext2`,`dictionary_id`,`dictionary_code`,`op_id`,`create_time`,`modify_op_id`,`modify_time`,`del_flag`) values (3,'1','男','',NULL,'1.00',NULL,NULL,3,NULL,NULL,NULL,NULL,NULL,0);
insert  into `dictionary_item`(`dictionary_item_id`,`value`,`text`,`desc`,`is_default`,`pri`,`ext1`,`ext2`,`dictionary_id`,`dictionary_code`,`op_id`,`create_time`,`modify_op_id`,`modify_time`,`del_flag`) values (4,'2','女','',NULL,'2.00',NULL,NULL,3,NULL,NULL,NULL,NULL,NULL,0);
insert  into `dictionary_item`(`dictionary_item_id`,`value`,`text`,`desc`,`is_default`,`pri`,`ext1`,`ext2`,`dictionary_id`,`dictionary_code`,`op_id`,`create_time`,`modify_op_id`,`modify_time`,`del_flag`) values (5,'3','未知','',NULL,'3.00',NULL,NULL,3,NULL,NULL,NULL,NULL,NULL,0);
insert  into `dictionary_item`(`dictionary_item_id`,`value`,`text`,`desc`,`is_default`,`pri`,`ext1`,`ext2`,`dictionary_id`,`dictionary_code`,`op_id`,`create_time`,`modify_op_id`,`modify_time`,`del_flag`) values (6,'1','有','',NULL,'1.00',NULL,NULL,74,NULL,NULL,NULL,NULL,NULL,0);
insert  into `dictionary_item`(`dictionary_item_id`,`value`,`text`,`desc`,`is_default`,`pri`,`ext1`,`ext2`,`dictionary_id`,`dictionary_code`,`op_id`,`create_time`,`modify_op_id`,`modify_time`,`del_flag`) values (7,'0','无','',NULL,'2.00',NULL,NULL,74,NULL,NULL,NULL,NULL,NULL,0);
insert  into `dictionary_item`(`dictionary_item_id`,`value`,`text`,`desc`,`is_default`,`pri`,`ext1`,`ext2`,`dictionary_id`,`dictionary_code`,`op_id`,`create_time`,`modify_op_id`,`modify_time`,`del_flag`) values (8,'0','否','',NULL,'1.00',NULL,NULL,77,NULL,NULL,NULL,NULL,NULL,0);
insert  into `dictionary_item`(`dictionary_item_id`,`value`,`text`,`desc`,`is_default`,`pri`,`ext1`,`ext2`,`dictionary_id`,`dictionary_code`,`op_id`,`create_time`,`modify_op_id`,`modify_time`,`del_flag`) values (9,'1','是','',NULL,'2.00',NULL,NULL,77,NULL,NULL,NULL,NULL,NULL,0);
insert  into `dictionary_item`(`dictionary_item_id`,`value`,`text`,`desc`,`is_default`,`pri`,`ext1`,`ext2`,`dictionary_id`,`dictionary_code`,`op_id`,`create_time`,`modify_op_id`,`modify_time`,`del_flag`) values (10,'0','停用','',NULL,'1.00',NULL,NULL,78,NULL,NULL,NULL,NULL,NULL,0);
insert  into `dictionary_item`(`dictionary_item_id`,`value`,`text`,`desc`,`is_default`,`pri`,`ext1`,`ext2`,`dictionary_id`,`dictionary_code`,`op_id`,`create_time`,`modify_op_id`,`modify_time`,`del_flag`) values (11,'1','正常','',NULL,'2.00',NULL,NULL,78,NULL,NULL,NULL,NULL,NULL,0);
insert  into `dictionary_item`(`dictionary_item_id`,`value`,`text`,`desc`,`is_default`,`pri`,`ext1`,`ext2`,`dictionary_id`,`dictionary_code`,`op_id`,`create_time`,`modify_op_id`,`modify_time`,`del_flag`) values (12,'1','男','',NULL,'1.00',NULL,NULL,79,NULL,NULL,NULL,NULL,NULL,0);
insert  into `dictionary_item`(`dictionary_item_id`,`value`,`text`,`desc`,`is_default`,`pri`,`ext1`,`ext2`,`dictionary_id`,`dictionary_code`,`op_id`,`create_time`,`modify_op_id`,`modify_time`,`del_flag`) values (13,'2','女','',NULL,'2.00',NULL,NULL,79,NULL,NULL,NULL,NULL,NULL,0);
insert  into `dictionary_item`(`dictionary_item_id`,`value`,`text`,`desc`,`is_default`,`pri`,`ext1`,`ext2`,`dictionary_id`,`dictionary_code`,`op_id`,`create_time`,`modify_op_id`,`modify_time`,`del_flag`) values (14,'1','启用','',NULL,'1.00',NULL,NULL,80,NULL,NULL,NULL,NULL,NULL,0);
insert  into `dictionary_item`(`dictionary_item_id`,`value`,`text`,`desc`,`is_default`,`pri`,`ext1`,`ext2`,`dictionary_id`,`dictionary_code`,`op_id`,`create_time`,`modify_op_id`,`modify_time`,`del_flag`) values (15,'0','停用','',NULL,'2.00',NULL,NULL,80,NULL,NULL,NULL,NULL,NULL,0);
insert  into `dictionary_item`(`dictionary_item_id`,`value`,`text`,`desc`,`is_default`,`pri`,`ext1`,`ext2`,`dictionary_id`,`dictionary_code`,`op_id`,`create_time`,`modify_op_id`,`modify_time`,`del_flag`) values (16,'1','启用','',NULL,'1.00',NULL,NULL,81,NULL,NULL,NULL,NULL,NULL,0);
insert  into `dictionary_item`(`dictionary_item_id`,`value`,`text`,`desc`,`is_default`,`pri`,`ext1`,`ext2`,`dictionary_id`,`dictionary_code`,`op_id`,`create_time`,`modify_op_id`,`modify_time`,`del_flag`) values (17,'0','停用','',NULL,'2.00',NULL,NULL,81,NULL,NULL,NULL,NULL,NULL,0);
insert  into `dictionary_item`(`dictionary_item_id`,`value`,`text`,`desc`,`is_default`,`pri`,`ext1`,`ext2`,`dictionary_id`,`dictionary_code`,`op_id`,`create_time`,`modify_op_id`,`modify_time`,`del_flag`) values (18,'1','实体组织','',NULL,'1.00',NULL,NULL,82,NULL,NULL,NULL,NULL,NULL,0);
insert  into `dictionary_item`(`dictionary_item_id`,`value`,`text`,`desc`,`is_default`,`pri`,`ext1`,`ext2`,`dictionary_id`,`dictionary_code`,`op_id`,`create_time`,`modify_op_id`,`modify_time`,`del_flag`) values (19,'2','虚拟组织','',NULL,'2.00',NULL,NULL,82,NULL,NULL,NULL,NULL,NULL,0);
insert  into `dictionary_item`(`dictionary_item_id`,`value`,`text`,`desc`,`is_default`,`pri`,`ext1`,`ext2`,`dictionary_id`,`dictionary_code`,`op_id`,`create_time`,`modify_op_id`,`modify_time`,`del_flag`) values (20,'1','集团','',NULL,'1.00',NULL,NULL,83,NULL,NULL,NULL,NULL,NULL,0);
insert  into `dictionary_item`(`dictionary_item_id`,`value`,`text`,`desc`,`is_default`,`pri`,`ext1`,`ext2`,`dictionary_id`,`dictionary_code`,`op_id`,`create_time`,`modify_op_id`,`modify_time`,`del_flag`) values (21,'2','分公司','',NULL,'2.00',NULL,NULL,83,NULL,NULL,NULL,NULL,NULL,0);
insert  into `dictionary_item`(`dictionary_item_id`,`value`,`text`,`desc`,`is_default`,`pri`,`ext1`,`ext2`,`dictionary_id`,`dictionary_code`,`op_id`,`create_time`,`modify_op_id`,`modify_time`,`del_flag`) values (22,'3','事业部','',NULL,'3.00',NULL,NULL,83,NULL,NULL,NULL,NULL,NULL,0);
insert  into `dictionary_item`(`dictionary_item_id`,`value`,`text`,`desc`,`is_default`,`pri`,`ext1`,`ext2`,`dictionary_id`,`dictionary_code`,`op_id`,`create_time`,`modify_op_id`,`modify_time`,`del_flag`) values (23,'4','部门','',NULL,'4.00',NULL,NULL,83,NULL,NULL,NULL,NULL,NULL,0);
insert  into `dictionary_item`(`dictionary_item_id`,`value`,`text`,`desc`,`is_default`,`pri`,`ext1`,`ext2`,`dictionary_id`,`dictionary_code`,`op_id`,`create_time`,`modify_op_id`,`modify_time`,`del_flag`) values (24,'5','小组','',NULL,'5.00',NULL,NULL,83,NULL,NULL,NULL,NULL,NULL,0);
insert  into `dictionary_item`(`dictionary_item_id`,`value`,`text`,`desc`,`is_default`,`pri`,`ext1`,`ext2`,`dictionary_id`,`dictionary_code`,`op_id`,`create_time`,`modify_op_id`,`modify_time`,`del_flag`) values (25,'1','启用','',NULL,'1.00',NULL,NULL,84,NULL,NULL,NULL,NULL,NULL,0);
insert  into `dictionary_item`(`dictionary_item_id`,`value`,`text`,`desc`,`is_default`,`pri`,`ext1`,`ext2`,`dictionary_id`,`dictionary_code`,`op_id`,`create_time`,`modify_op_id`,`modify_time`,`del_flag`) values (26,'0','停用','',NULL,'2.00',NULL,NULL,84,NULL,NULL,NULL,NULL,NULL,0);
insert  into `dictionary_item`(`dictionary_item_id`,`value`,`text`,`desc`,`is_default`,`pri`,`ext1`,`ext2`,`dictionary_id`,`dictionary_code`,`op_id`,`create_time`,`modify_op_id`,`modify_time`,`del_flag`) values (27,'1','操作角色','',NULL,'1.00',NULL,NULL,85,NULL,NULL,NULL,NULL,NULL,0);
insert  into `dictionary_item`(`dictionary_item_id`,`value`,`text`,`desc`,`is_default`,`pri`,`ext1`,`ext2`,`dictionary_id`,`dictionary_code`,`op_id`,`create_time`,`modify_op_id`,`modify_time`,`del_flag`) values (28,'2','查看角色','',NULL,'2.00',NULL,NULL,85,NULL,NULL,NULL,NULL,NULL,0);
insert  into `dictionary_item`(`dictionary_item_id`,`value`,`text`,`desc`,`is_default`,`pri`,`ext1`,`ext2`,`dictionary_id`,`dictionary_code`,`op_id`,`create_time`,`modify_op_id`,`modify_time`,`del_flag`) values (29,'3','管理角色','',NULL,'3.00',NULL,NULL,85,NULL,NULL,NULL,NULL,NULL,0);
insert  into `dictionary_item`(`dictionary_item_id`,`value`,`text`,`desc`,`is_default`,`pri`,`ext1`,`ext2`,`dictionary_id`,`dictionary_code`,`op_id`,`create_time`,`modify_op_id`,`modify_time`,`del_flag`) values (30,'1','一级','',NULL,'1.00',NULL,NULL,86,NULL,NULL,NULL,NULL,NULL,0);
insert  into `dictionary_item`(`dictionary_item_id`,`value`,`text`,`desc`,`is_default`,`pri`,`ext1`,`ext2`,`dictionary_id`,`dictionary_code`,`op_id`,`create_time`,`modify_op_id`,`modify_time`,`del_flag`) values (31,'2','二级','',NULL,'2.00',NULL,NULL,86,NULL,NULL,NULL,NULL,NULL,0);
insert  into `dictionary_item`(`dictionary_item_id`,`value`,`text`,`desc`,`is_default`,`pri`,`ext1`,`ext2`,`dictionary_id`,`dictionary_code`,`op_id`,`create_time`,`modify_op_id`,`modify_time`,`del_flag`) values (32,'3','三级','',NULL,'3.00',NULL,NULL,86,NULL,NULL,NULL,NULL,NULL,0);
insert  into `dictionary_item`(`dictionary_item_id`,`value`,`text`,`desc`,`is_default`,`pri`,`ext1`,`ext2`,`dictionary_id`,`dictionary_code`,`op_id`,`create_time`,`modify_op_id`,`modify_time`,`del_flag`) values (33,'1','启用','',NULL,'1.00',NULL,NULL,87,NULL,NULL,NULL,NULL,NULL,0);
insert  into `dictionary_item`(`dictionary_item_id`,`value`,`text`,`desc`,`is_default`,`pri`,`ext1`,`ext2`,`dictionary_id`,`dictionary_code`,`op_id`,`create_time`,`modify_op_id`,`modify_time`,`del_flag`) values (34,'0','停用','',NULL,'2.00',NULL,NULL,87,NULL,NULL,NULL,NULL,NULL,0);
insert  into `dictionary_item`(`dictionary_item_id`,`value`,`text`,`desc`,`is_default`,`pri`,`ext1`,`ext2`,`dictionary_id`,`dictionary_code`,`op_id`,`create_time`,`modify_op_id`,`modify_time`,`del_flag`) values (35,'1','启用','',NULL,'1.00',NULL,NULL,88,NULL,NULL,NULL,NULL,NULL,0);
insert  into `dictionary_item`(`dictionary_item_id`,`value`,`text`,`desc`,`is_default`,`pri`,`ext1`,`ext2`,`dictionary_id`,`dictionary_code`,`op_id`,`create_time`,`modify_op_id`,`modify_time`,`del_flag`) values (36,'0','停用','',NULL,'2.00',NULL,NULL,88,NULL,NULL,NULL,NULL,NULL,0);
insert  into `dictionary_item`(`dictionary_item_id`,`value`,`text`,`desc`,`is_default`,`pri`,`ext1`,`ext2`,`dictionary_id`,`dictionary_code`,`op_id`,`create_time`,`modify_op_id`,`modify_time`,`del_flag`) values (37,'1','正常','',NULL,'1.00','','',106,'',1,'2018-04-20 15:44:54',NULL,NULL,0);
insert  into `dictionary_item`(`dictionary_item_id`,`value`,`text`,`desc`,`is_default`,`pri`,`ext1`,`ext2`,`dictionary_id`,`dictionary_code`,`op_id`,`create_time`,`modify_op_id`,`modify_time`,`del_flag`) values (38,'0','失效','',NULL,'2.00','','',106,'',1,'2018-04-20 15:44:54',1,NULL,0);
insert  into `dictionary_item`(`dictionary_item_id`,`value`,`text`,`desc`,`is_default`,`pri`,`ext1`,`ext2`,`dictionary_id`,`dictionary_code`,`op_id`,`create_time`,`modify_op_id`,`modify_time`,`del_flag`) values (39,'1','正常','',NULL,'1.00','','',107,'',1,'2018-04-20 15:46:01',1,'2018-04-20 15:46:09',0);
insert  into `dictionary_item`(`dictionary_item_id`,`value`,`text`,`desc`,`is_default`,`pri`,`ext1`,`ext2`,`dictionary_id`,`dictionary_code`,`op_id`,`create_time`,`modify_op_id`,`modify_time`,`del_flag`) values (40,'0','无效','',NULL,'2.00','','',107,'',1,'2018-04-20 15:46:01',1,'2018-04-20 15:46:09',0);
insert  into `dictionary_item`(`dictionary_item_id`,`value`,`text`,`desc`,`is_default`,`pri`,`ext1`,`ext2`,`dictionary_id`,`dictionary_code`,`op_id`,`create_time`,`modify_op_id`,`modify_time`,`del_flag`) values (41,'1','近义词','',NULL,'1.00','','',108,'',1,'2018-04-20 16:28:37',NULL,NULL,0);
insert  into `dictionary_item`(`dictionary_item_id`,`value`,`text`,`desc`,`is_default`,`pri`,`ext1`,`ext2`,`dictionary_id`,`dictionary_code`,`op_id`,`create_time`,`modify_op_id`,`modify_time`,`del_flag`) values (42,'1','正常','',NULL,'1.00','','',109,'',1,'2018-04-20 16:29:17',NULL,NULL,0);
insert  into `dictionary_item`(`dictionary_item_id`,`value`,`text`,`desc`,`is_default`,`pri`,`ext1`,`ext2`,`dictionary_id`,`dictionary_code`,`op_id`,`create_time`,`modify_op_id`,`modify_time`,`del_flag`) values (43,'1','无效','',NULL,'2.00','','',109,'',1,'2018-04-20 16:29:17',1,NULL,0);
insert  into `dictionary_item`(`dictionary_item_id`,`value`,`text`,`desc`,`is_default`,`pri`,`ext1`,`ext2`,`dictionary_id`,`dictionary_code`,`op_id`,`create_time`,`modify_op_id`,`modify_time`,`del_flag`) values (44,'1','正常','',NULL,'1.00','','',110,'',1,'2018-04-20 16:29:45',NULL,NULL,0);
insert  into `dictionary_item`(`dictionary_item_id`,`value`,`text`,`desc`,`is_default`,`pri`,`ext1`,`ext2`,`dictionary_id`,`dictionary_code`,`op_id`,`create_time`,`modify_op_id`,`modify_time`,`del_flag`) values (45,'0','无效','',NULL,'2.00','','',110,'',1,'2018-04-20 16:29:45',1,NULL,0);
insert  into `dictionary_item`(`dictionary_item_id`,`value`,`text`,`desc`,`is_default`,`pri`,`ext1`,`ext2`,`dictionary_id`,`dictionary_code`,`op_id`,`create_time`,`modify_op_id`,`modify_time`,`del_flag`) values (46,'0','轮询','',NULL,'1.00','','',112,'',1,'2018-04-20 16:42:20',NULL,NULL,0);
insert  into `dictionary_item`(`dictionary_item_id`,`value`,`text`,`desc`,`is_default`,`pri`,`ext1`,`ext2`,`dictionary_id`,`dictionary_code`,`op_id`,`create_time`,`modify_op_id`,`modify_time`,`del_flag`) values (47,'1','随机','',NULL,'2.00','','',112,'',1,'2018-04-20 16:42:20',1,NULL,0);
insert  into `dictionary_item`(`dictionary_item_id`,`value`,`text`,`desc`,`is_default`,`pri`,`ext1`,`ext2`,`dictionary_id`,`dictionary_code`,`op_id`,`create_time`,`modify_op_id`,`modify_time`,`del_flag`) values (48,'0','问答域','',NULL,'1.00','','',114,'',1,'2018-04-20 16:43:13',NULL,NULL,0);
insert  into `dictionary_item`(`dictionary_item_id`,`value`,`text`,`desc`,`is_default`,`pri`,`ext1`,`ext2`,`dictionary_id`,`dictionary_code`,`op_id`,`create_time`,`modify_op_id`,`modify_time`,`del_flag`) values (49,'1','会话域','',NULL,'2.00','','',114,'',1,'2018-04-20 16:43:13',1,NULL,0);
insert  into `dictionary_item`(`dictionary_item_id`,`value`,`text`,`desc`,`is_default`,`pri`,`ext1`,`ext2`,`dictionary_id`,`dictionary_code`,`op_id`,`create_time`,`modify_op_id`,`modify_time`,`del_flag`) values (50,'0','识别概率','',NULL,'1.00','','',115,'',1,'2018-04-20 16:45:23',NULL,NULL,0);
insert  into `dictionary_item`(`dictionary_item_id`,`value`,`text`,`desc`,`is_default`,`pri`,`ext1`,`ext2`,`dictionary_id`,`dictionary_code`,`op_id`,`create_time`,`modify_op_id`,`modify_time`,`del_flag`) values (51,'1','重复次数','',NULL,'2.00','','',115,'',1,'2018-04-20 16:45:23',1,NULL,0);
insert  into `dictionary_item`(`dictionary_item_id`,`value`,`text`,`desc`,`is_default`,`pri`,`ext1`,`ext2`,`dictionary_id`,`dictionary_code`,`op_id`,`create_time`,`modify_op_id`,`modify_time`,`del_flag`) values (52,'2','等待时长(秒)','',NULL,'3.00','','',115,'',1,'2018-04-20 16:45:23',1,NULL,0);
insert  into `dictionary_item`(`dictionary_item_id`,`value`,`text`,`desc`,`is_default`,`pri`,`ext1`,`ext2`,`dictionary_id`,`dictionary_code`,`op_id`,`create_time`,`modify_op_id`,`modify_time`,`del_flag`) values (53,'3','依赖行为','',NULL,'4.00','','',115,'',1,'2018-04-20 16:45:23',1,NULL,0);
insert  into `dictionary_item`(`dictionary_item_id`,`value`,`text`,`desc`,`is_default`,`pri`,`ext1`,`ext2`,`dictionary_id`,`dictionary_code`,`op_id`,`create_time`,`modify_op_id`,`modify_time`,`del_flag`) values (54,'1','正常','',NULL,'1.00','','',116,'',1,'2018-04-20 16:45:50',NULL,NULL,0);
insert  into `dictionary_item`(`dictionary_item_id`,`value`,`text`,`desc`,`is_default`,`pri`,`ext1`,`ext2`,`dictionary_id`,`dictionary_code`,`op_id`,`create_time`,`modify_op_id`,`modify_time`,`del_flag`) values (55,'0','失效','',NULL,'2.00','','',116,'',1,'2018-04-20 16:45:50',1,NULL,0);
insert  into `dictionary_item`(`dictionary_item_id`,`value`,`text`,`desc`,`is_default`,`pri`,`ext1`,`ext2`,`dictionary_id`,`dictionary_code`,`op_id`,`create_time`,`modify_op_id`,`modify_time`,`del_flag`) values (56,'0','问答行为','',NULL,'1.00','','',123,'',1,'2018-04-20 16:50:02',NULL,NULL,0);
insert  into `dictionary_item`(`dictionary_item_id`,`value`,`text`,`desc`,`is_default`,`pri`,`ext1`,`ext2`,`dictionary_id`,`dictionary_code`,`op_id`,`create_time`,`modify_op_id`,`modify_time`,`del_flag`) values (57,'1','内部参数','',NULL,'2.00','','',123,'',1,'2018-04-20 16:50:02',1,NULL,0);
insert  into `dictionary_item`(`dictionary_item_id`,`value`,`text`,`desc`,`is_default`,`pri`,`ext1`,`ext2`,`dictionary_id`,`dictionary_code`,`op_id`,`create_time`,`modify_op_id`,`modify_time`,`del_flag`) values (58,'0','[1-10]整数','',NULL,'1.00','','',124,'',1,'2018-04-20 17:10:08',1,'2018-04-20 17:13:17',0);
insert  into `dictionary_item`(`dictionary_item_id`,`value`,`text`,`desc`,`is_default`,`pri`,`ext1`,`ext2`,`dictionary_id`,`dictionary_code`,`op_id`,`create_time`,`modify_op_id`,`modify_time`,`del_flag`) values (59,'1','[1-20]整数','',NULL,'2.00','','',124,'',1,'2018-04-20 17:10:08',1,'2018-04-20 17:13:17',0);
insert  into `dictionary_item`(`dictionary_item_id`,`value`,`text`,`desc`,`is_default`,`pri`,`ext1`,`ext2`,`dictionary_id`,`dictionary_code`,`op_id`,`create_time`,`modify_op_id`,`modify_time`,`del_flag`) values (60,'2','[1-60]整数','',NULL,'3.00','','',124,'',1,'2018-04-20 17:10:08',1,'2018-04-20 17:13:17',0);
insert  into `dictionary_item`(`dictionary_item_id`,`value`,`text`,`desc`,`is_default`,`pri`,`ext1`,`ext2`,`dictionary_id`,`dictionary_code`,`op_id`,`create_time`,`modify_op_id`,`modify_time`,`del_flag`) values (62,'1','正常','',NULL,'1.00','','',113,'',1,'2018-04-20 18:46:41',NULL,NULL,0);
insert  into `dictionary_item`(`dictionary_item_id`,`value`,`text`,`desc`,`is_default`,`pri`,`ext1`,`ext2`,`dictionary_id`,`dictionary_code`,`op_id`,`create_time`,`modify_op_id`,`modify_time`,`del_flag`) values (63,'0','失效','',NULL,'2.00','','',113,'',1,'2018-04-20 18:46:41',1,NULL,0);
insert  into `dictionary_item`(`dictionary_item_id`,`value`,`text`,`desc`,`is_default`,`pri`,`ext1`,`ext2`,`dictionary_id`,`dictionary_code`,`op_id`,`create_time`,`modify_op_id`,`modify_time`,`del_flag`) values (64,'1','Boolean类型','',NULL,'1.00','','',117,'',1,'2018-04-20 19:00:48',NULL,NULL,0);
insert  into `dictionary_item`(`dictionary_item_id`,`value`,`text`,`desc`,`is_default`,`pri`,`ext1`,`ext2`,`dictionary_id`,`dictionary_code`,`op_id`,`create_time`,`modify_op_id`,`modify_time`,`del_flag`) values (65,'2','数字类型','',NULL,'2.00','','',117,'',1,'2018-04-20 19:00:48',1,NULL,0);
insert  into `dictionary_item`(`dictionary_item_id`,`value`,`text`,`desc`,`is_default`,`pri`,`ext1`,`ext2`,`dictionary_id`,`dictionary_code`,`op_id`,`create_time`,`modify_op_id`,`modify_time`,`del_flag`) values (66,'3','日期类型','',NULL,'3.00','','',117,'',1,'2018-04-20 19:00:48',1,NULL,0);
insert  into `dictionary_item`(`dictionary_item_id`,`value`,`text`,`desc`,`is_default`,`pri`,`ext1`,`ext2`,`dictionary_id`,`dictionary_code`,`op_id`,`create_time`,`modify_op_id`,`modify_time`,`del_flag`) values (67,'4','金钱类型','',NULL,'4.00','','',117,'',1,'2018-04-20 19:00:48',1,NULL,0);
insert  into `dictionary_item`(`dictionary_item_id`,`value`,`text`,`desc`,`is_default`,`pri`,`ext1`,`ext2`,`dictionary_id`,`dictionary_code`,`op_id`,`create_time`,`modify_op_id`,`modify_time`,`del_flag`) values (68,'5','文本类型','',NULL,'5.00','','',117,'',1,'2018-04-20 19:00:48',1,NULL,0);
insert  into `dictionary_item`(`dictionary_item_id`,`value`,`text`,`desc`,`is_default`,`pri`,`ext1`,`ext2`,`dictionary_id`,`dictionary_code`,`op_id`,`create_time`,`modify_op_id`,`modify_time`,`del_flag`) values (69,'0','LOCAL调用','',NULL,'1.00','','',118,'',1,'2018-04-20 19:01:58',NULL,NULL,0);
insert  into `dictionary_item`(`dictionary_item_id`,`value`,`text`,`desc`,`is_default`,`pri`,`ext1`,`ext2`,`dictionary_id`,`dictionary_code`,`op_id`,`create_time`,`modify_op_id`,`modify_time`,`del_flag`) values (70,'1','HTTP调用','',NULL,'2.00','','',118,'',1,'2018-04-20 19:01:58',1,NULL,0);
insert  into `dictionary_item`(`dictionary_item_id`,`value`,`text`,`desc`,`is_default`,`pri`,`ext1`,`ext2`,`dictionary_id`,`dictionary_code`,`op_id`,`create_time`,`modify_op_id`,`modify_time`,`del_flag`) values (71,'1','是','',NULL,'1.00','','',119,'',1,'2018-04-20 19:02:20',NULL,NULL,0);
insert  into `dictionary_item`(`dictionary_item_id`,`value`,`text`,`desc`,`is_default`,`pri`,`ext1`,`ext2`,`dictionary_id`,`dictionary_code`,`op_id`,`create_time`,`modify_op_id`,`modify_time`,`del_flag`) values (72,'0','否','',NULL,'2.00','','',119,'',1,'2018-04-20 19:02:20',1,NULL,0);
insert  into `dictionary_item`(`dictionary_item_id`,`value`,`text`,`desc`,`is_default`,`pri`,`ext1`,`ext2`,`dictionary_id`,`dictionary_code`,`op_id`,`create_time`,`modify_op_id`,`modify_time`,`del_flag`) values (73,'1','正常','',NULL,'1.00','','',120,'',1,'2018-04-20 19:02:38',NULL,NULL,0);
insert  into `dictionary_item`(`dictionary_item_id`,`value`,`text`,`desc`,`is_default`,`pri`,`ext1`,`ext2`,`dictionary_id`,`dictionary_code`,`op_id`,`create_time`,`modify_op_id`,`modify_time`,`del_flag`) values (74,'0','失效','',NULL,'2.00','','',120,'',1,'2018-04-20 19:02:38',1,NULL,0);
insert  into `dictionary_item`(`dictionary_item_id`,`value`,`text`,`desc`,`is_default`,`pri`,`ext1`,`ext2`,`dictionary_id`,`dictionary_code`,`op_id`,`create_time`,`modify_op_id`,`modify_time`,`del_flag`) values (75,'1','生效','',NULL,'1.00','','',111,'',1,'2018-04-20 19:07:45',NULL,NULL,0);
insert  into `dictionary_item`(`dictionary_item_id`,`value`,`text`,`desc`,`is_default`,`pri`,`ext1`,`ext2`,`dictionary_id`,`dictionary_code`,`op_id`,`create_time`,`modify_op_id`,`modify_time`,`del_flag`) values (76,'0','失效','',NULL,'2.00','','',111,'',1,'2018-04-20 19:07:45',1,NULL,0);
insert  into `dictionary_item`(`dictionary_item_id`,`value`,`text`,`desc`,`is_default`,`pri`,`ext1`,`ext2`,`dictionary_id`,`dictionary_code`,`op_id`,`create_time`,`modify_op_id`,`modify_time`,`del_flag`) values (77,'1','生效','',NULL,'1.00','','',125,'',1,'2018-04-20 19:10:25',NULL,NULL,0);
insert  into `dictionary_item`(`dictionary_item_id`,`value`,`text`,`desc`,`is_default`,`pri`,`ext1`,`ext2`,`dictionary_id`,`dictionary_code`,`op_id`,`create_time`,`modify_op_id`,`modify_time`,`del_flag`) values (78,'0','失效','',NULL,'2.00','','',125,'',1,'2018-04-20 19:10:25',NULL,NULL,0);
insert  into `dictionary_item`(`dictionary_item_id`,`value`,`text`,`desc`,`is_default`,`pri`,`ext1`,`ext2`,`dictionary_id`,`dictionary_code`,`op_id`,`create_time`,`modify_op_id`,`modify_time`,`del_flag`) values (79,'1','生效','',NULL,'1.00','','',126,'',1,'2018-04-20 19:10:59',NULL,NULL,0);
insert  into `dictionary_item`(`dictionary_item_id`,`value`,`text`,`desc`,`is_default`,`pri`,`ext1`,`ext2`,`dictionary_id`,`dictionary_code`,`op_id`,`create_time`,`modify_op_id`,`modify_time`,`del_flag`) values (80,'0','失效','',NULL,'2.00','','',126,'',1,'2018-04-20 19:10:59',NULL,NULL,0);
insert  into `dictionary_item`(`dictionary_item_id`,`value`,`text`,`desc`,`is_default`,`pri`,`ext1`,`ext2`,`dictionary_id`,`dictionary_code`,`op_id`,`create_time`,`modify_op_id`,`modify_time`,`del_flag`) values (81,'1','生效','',NULL,'1.00','','',122,'',1,'2018-04-20 19:44:38',NULL,NULL,0);
insert  into `dictionary_item`(`dictionary_item_id`,`value`,`text`,`desc`,`is_default`,`pri`,`ext1`,`ext2`,`dictionary_id`,`dictionary_code`,`op_id`,`create_time`,`modify_op_id`,`modify_time`,`del_flag`) values (82,'0','失效','',NULL,'2.00','','',122,'',1,'2018-04-20 19:44:38',1,NULL,0);
insert  into `dictionary_item`(`dictionary_item_id`,`value`,`text`,`desc`,`is_default`,`pri`,`ext1`,`ext2`,`dictionary_id`,`dictionary_code`,`op_id`,`create_time`,`modify_op_id`,`modify_time`,`del_flag`) values (83,'1','客服机器人','',NULL,'1.00','','',127,'',1,'2018-05-09 17:43:30',NULL,NULL,0);
insert  into `dictionary_item`(`dictionary_item_id`,`value`,`text`,`desc`,`is_default`,`pri`,`ext1`,`ext2`,`dictionary_id`,`dictionary_code`,`op_id`,`create_time`,`modify_op_id`,`modify_time`,`del_flag`) values (84,'2','闲聊机器人','',NULL,'2.00','','',127,'',1,'2018-05-09 17:43:30',NULL,NULL,0);
insert  into `dictionary_item`(`dictionary_item_id`,`value`,`text`,`desc`,`is_default`,`pri`,`ext1`,`ext2`,`dictionary_id`,`dictionary_code`,`op_id`,`create_time`,`modify_op_id`,`modify_time`,`del_flag`) values (85,'3','任务机器人','',NULL,'3.00','','',127,'',1,'2018-05-09 17:43:30',NULL,NULL,0);
insert  into `dictionary_item`(`dictionary_item_id`,`value`,`text`,`desc`,`is_default`,`pri`,`ext1`,`ext2`,`dictionary_id`,`dictionary_code`,`op_id`,`create_time`,`modify_op_id`,`modify_time`,`del_flag`) values (86,'4','个人助手机器人','',NULL,'4.00','','',127,'',1,'2018-05-09 17:43:30',NULL,NULL,0);
insert  into `dictionary_item`(`dictionary_item_id`,`value`,`text`,`desc`,`is_default`,`pri`,`ext1`,`ext2`,`dictionary_id`,`dictionary_code`,`op_id`,`create_time`,`modify_op_id`,`modify_time`,`del_flag`) values (87,'1','启用','',NULL,'1.00','','',128,'',1,'2018-05-09 17:44:12',NULL,NULL,0);
insert  into `dictionary_item`(`dictionary_item_id`,`value`,`text`,`desc`,`is_default`,`pri`,`ext1`,`ext2`,`dictionary_id`,`dictionary_code`,`op_id`,`create_time`,`modify_op_id`,`modify_time`,`del_flag`) values (88,'2','停用','',NULL,'2.00','','',128,'',1,'2018-05-09 17:44:12',NULL,NULL,0);
insert  into `dictionary_item`(`dictionary_item_id`,`value`,`text`,`desc`,`is_default`,`pri`,`ext1`,`ext2`,`dictionary_id`,`dictionary_code`,`op_id`,`create_time`,`modify_op_id`,`modify_time`,`del_flag`) values (89,'1','针对性回答','',NULL,'1.00','','',129,'',1,'2018-06-01 14:48:28',1,'2018-06-01 14:48:51',0);
insert  into `dictionary_item`(`dictionary_item_id`,`value`,`text`,`desc`,`is_default`,`pri`,`ext1`,`ext2`,`dictionary_id`,`dictionary_code`,`op_id`,`create_time`,`modify_op_id`,`modify_time`,`del_flag`) values (90,'0','无效','',NULL,'1.00','','',130,'',1,'2018-06-01 14:49:34',NULL,NULL,0);
insert  into `dictionary_item`(`dictionary_item_id`,`value`,`text`,`desc`,`is_default`,`pri`,`ext1`,`ext2`,`dictionary_id`,`dictionary_code`,`op_id`,`create_time`,`modify_op_id`,`modify_time`,`del_flag`) values (91,'1','有效','',NULL,'2.00','','',130,'',1,'2018-06-01 14:49:34',NULL,NULL,0);
insert  into `dictionary_item`(`dictionary_item_id`,`value`,`text`,`desc`,`is_default`,`pri`,`ext1`,`ext2`,`dictionary_id`,`dictionary_code`,`op_id`,`create_time`,`modify_op_id`,`modify_time`,`del_flag`) values (92,'0','完全','',NULL,'1.00','','',131,'',1,'2018-06-01 14:50:34',1,'2018-06-01 14:59:53',0);
insert  into `dictionary_item`(`dictionary_item_id`,`value`,`text`,`desc`,`is_default`,`pri`,`ext1`,`ext2`,`dictionary_id`,`dictionary_code`,`op_id`,`create_time`,`modify_op_id`,`modify_time`,`del_flag`) values (93,'1','绝对','',NULL,'2.00','','',131,'',1,'2018-06-01 14:50:34',1,'2018-06-01 14:59:53',0);
insert  into `dictionary_item`(`dictionary_item_id`,`value`,`text`,`desc`,`is_default`,`pri`,`ext1`,`ext2`,`dictionary_id`,`dictionary_code`,`op_id`,`create_time`,`modify_op_id`,`modify_time`,`del_flag`) values (94,'2','模糊','',NULL,'3.00','','',131,'',1,'2018-06-01 14:50:34',1,'2018-06-01 14:59:53',0);
insert  into `dictionary_item`(`dictionary_item_id`,`value`,`text`,`desc`,`is_default`,`pri`,`ext1`,`ext2`,`dictionary_id`,`dictionary_code`,`op_id`,`create_time`,`modify_op_id`,`modify_time`,`del_flag`) values (95,'0','无效','',NULL,'1.00','','',132,'',1,'2018-06-01 14:51:09',NULL,NULL,0);
insert  into `dictionary_item`(`dictionary_item_id`,`value`,`text`,`desc`,`is_default`,`pri`,`ext1`,`ext2`,`dictionary_id`,`dictionary_code`,`op_id`,`create_time`,`modify_op_id`,`modify_time`,`del_flag`) values (96,'1','有效','',NULL,'2.00','','',132,'',1,'2018-06-01 14:51:09',NULL,NULL,0);
insert  into `dictionary_item`(`dictionary_item_id`,`value`,`text`,`desc`,`is_default`,`pri`,`ext1`,`ext2`,`dictionary_id`,`dictionary_code`,`op_id`,`create_time`,`modify_op_id`,`modify_time`,`del_flag`) values (97,'0','前置切换','',NULL,'1.00','','',133,'',1,'2018-06-01 15:30:42',1,'2018-06-01 15:35:03',0);
insert  into `dictionary_item`(`dictionary_item_id`,`value`,`text`,`desc`,`is_default`,`pri`,`ext1`,`ext2`,`dictionary_id`,`dictionary_code`,`op_id`,`create_time`,`modify_op_id`,`modify_time`,`del_flag`) values (98,'1','后置切换','',NULL,'2.00','','',133,'',1,'2018-06-01 15:30:42',1,'2018-06-01 15:35:03',0);
insert  into `dictionary_item`(`dictionary_item_id`,`value`,`text`,`desc`,`is_default`,`pri`,`ext1`,`ext2`,`dictionary_id`,`dictionary_code`,`op_id`,`create_time`,`modify_op_id`,`modify_time`,`del_flag`) values (99,'','','',NULL,'1.00',NULL,NULL,115,NULL,NULL,NULL,NULL,NULL,0);
insert  into `dictionary_item`(`dictionary_item_id`,`value`,`text`,`desc`,`is_default`,`pri`,`ext1`,`ext2`,`dictionary_id`,`dictionary_code`,`op_id`,`create_time`,`modify_op_id`,`modify_time`,`del_flag`) values (100,'0','陈述句','',NULL,'1.00','','',134,'',1,'2018-06-14 15:02:20',NULL,NULL,0);
insert  into `dictionary_item`(`dictionary_item_id`,`value`,`text`,`desc`,`is_default`,`pri`,`ext1`,`ext2`,`dictionary_id`,`dictionary_code`,`op_id`,`create_time`,`modify_op_id`,`modify_time`,`del_flag`) values (101,'1','疑问句','',NULL,'2.00','','',134,'',1,'2018-06-14 15:02:20',NULL,NULL,0);
insert  into `dictionary_item`(`dictionary_item_id`,`value`,`text`,`desc`,`is_default`,`pri`,`ext1`,`ext2`,`dictionary_id`,`dictionary_code`,`op_id`,`create_time`,`modify_op_id`,`modify_time`,`del_flag`) values (102,'2','祈使句','',NULL,'3.00','','',134,'',1,'2018-06-14 15:02:20',NULL,NULL,0);
insert  into `dictionary_item`(`dictionary_item_id`,`value`,`text`,`desc`,`is_default`,`pri`,`ext1`,`ext2`,`dictionary_id`,`dictionary_code`,`op_id`,`create_time`,`modify_op_id`,`modify_time`,`del_flag`) values (103,'4','感叹句','',NULL,'4.00','','',134,'',1,'2018-06-14 15:02:20',NULL,NULL,0);
insert  into `dictionary_item`(`dictionary_item_id`,`value`,`text`,`desc`,`is_default`,`pri`,`ext1`,`ext2`,`dictionary_id`,`dictionary_code`,`op_id`,`create_time`,`modify_op_id`,`modify_time`,`del_flag`) values (104,'1','有效','',NULL,'1.00','','',135,'',1,'2018-06-14 15:07:43',NULL,NULL,0);
insert  into `dictionary_item`(`dictionary_item_id`,`value`,`text`,`desc`,`is_default`,`pri`,`ext1`,`ext2`,`dictionary_id`,`dictionary_code`,`op_id`,`create_time`,`modify_op_id`,`modify_time`,`del_flag`) values (105,'0','无效','',NULL,'2.00','','',135,'',1,'2018-06-14 15:07:43',NULL,NULL,0);
insert  into `dictionary_item`(`dictionary_item_id`,`value`,`text`,`desc`,`is_default`,`pri`,`ext1`,`ext2`,`dictionary_id`,`dictionary_code`,`op_id`,`create_time`,`modify_op_id`,`modify_time`,`del_flag`) values (106,'n','名词','',NULL,'1.00','','',136,'',1,'2018-06-27 17:38:15',NULL,NULL,0);
insert  into `dictionary_item`(`dictionary_item_id`,`value`,`text`,`desc`,`is_default`,`pri`,`ext1`,`ext2`,`dictionary_id`,`dictionary_code`,`op_id`,`create_time`,`modify_op_id`,`modify_time`,`del_flag`) values (107,'v','动词','',NULL,'2.00','','',136,'',1,'2018-06-27 17:38:15',NULL,NULL,0);
insert  into `dictionary_item`(`dictionary_item_id`,`value`,`text`,`desc`,`is_default`,`pri`,`ext1`,`ext2`,`dictionary_id`,`dictionary_code`,`op_id`,`create_time`,`modify_op_id`,`modify_time`,`del_flag`) values (108,'a','形容词','',NULL,'3.00','','',136,'',1,'2018-06-27 17:38:15',NULL,NULL,0);

/*Data for the table `menu` */

insert  into `menu`(`menu_id`,`menu_code`,`menu_name`,`menu_desc`,`menu_level`,`icon`,`url`,`parent_menu_id`,`pri`,`creator_id`,`create_time`,`modifier_id`,`modify_time`,`del_flag`) values (1,'qna_mgr','问答管理','问答管理',NULL,'','/config/qna_mgr.html',18,NULL,NULL,NULL,1,'2018-05-29 16:26:34',NULL);
insert  into `menu`(`menu_id`,`menu_code`,`menu_name`,`menu_desc`,`menu_level`,`icon`,`url`,`parent_menu_id`,`pri`,`creator_id`,`create_time`,`modifier_id`,`modify_time`,`del_flag`) values (2,'action_mgr','行为管理','行为管理',NULL,'','/config/action_mgr.html',17,NULL,NULL,NULL,1,'2018-05-29 16:23:38',NULL);
insert  into `menu`(`menu_id`,`menu_code`,`menu_name`,`menu_desc`,`menu_level`,`icon`,`url`,`parent_menu_id`,`pri`,`creator_id`,`create_time`,`modifier_id`,`modify_time`,`del_flag`) values (3,'model_mgr','工作模式管理','工作模式管理',NULL,'','/config/model_mgr.html',17,NULL,NULL,NULL,1,'2018-05-29 16:23:49',NULL);
insert  into `menu`(`menu_id`,`menu_code`,`menu_name`,`menu_desc`,`menu_level`,`icon`,`url`,`parent_menu_id`,`pri`,`creator_id`,`create_time`,`modifier_id`,`modify_time`,`del_flag`) values (4,'options_mgr','选项集管理','选项集管理',NULL,'','/config/options_mgr.html',-1,NULL,NULL,NULL,NULL,NULL,NULL);
insert  into `menu`(`menu_id`,`menu_code`,`menu_name`,`menu_desc`,`menu_level`,`icon`,`url`,`parent_menu_id`,`pri`,`creator_id`,`create_time`,`modifier_id`,`modify_time`,`del_flag`) values (5,'semantic_parser_mgr','语义解析器管理','语义解析器管理',NULL,'','/config/semantic_parser_mgr.html',17,NULL,NULL,NULL,1,'2018-05-29 16:24:13',NULL);
insert  into `menu`(`menu_id`,`menu_code`,`menu_name`,`menu_desc`,`menu_level`,`icon`,`url`,`parent_menu_id`,`pri`,`creator_id`,`create_time`,`modifier_id`,`modify_time`,`del_flag`) values (6,'task_mgr','任务管理','任务管理',1,NULL,'/config/task_mgr.html',18,NULL,NULL,NULL,1,'2018-05-29 16:30:55',NULL);
insert  into `menu`(`menu_id`,`menu_code`,`menu_name`,`menu_desc`,`menu_level`,`icon`,`url`,`parent_menu_id`,`pri`,`creator_id`,`create_time`,`modifier_id`,`modify_time`,`del_flag`) values (7,'thesaurus_mgr','词库管理','词库管理',NULL,'','/config/thesaurus_mgr.html',-1,NULL,NULL,NULL,NULL,NULL,NULL);
insert  into `menu`(`menu_id`,`menu_code`,`menu_name`,`menu_desc`,`menu_level`,`icon`,`url`,`parent_menu_id`,`pri`,`creator_id`,`create_time`,`modifier_id`,`modify_time`,`del_flag`) values (8,'utterance_mgr','话术管理','话术管理',NULL,'','/config/utterance_mgr.html',-1,NULL,NULL,NULL,NULL,NULL,NULL);
insert  into `menu`(`menu_id`,`menu_code`,`menu_name`,`menu_desc`,`menu_level`,`icon`,`url`,`parent_menu_id`,`pri`,`creator_id`,`create_time`,`modifier_id`,`modify_time`,`del_flag`) values (9,'dictionary_mgr','字典管理','字典管理',NULL,'','/system/dictionary_mgr.html',16,NULL,NULL,NULL,1,'2018-05-29 16:24:35',NULL);
insert  into `menu`(`menu_id`,`menu_code`,`menu_name`,`menu_desc`,`menu_level`,`icon`,`url`,`parent_menu_id`,`pri`,`creator_id`,`create_time`,`modifier_id`,`modify_time`,`del_flag`) values (10,'menu_mgr','菜单管理','菜单管理',NULL,'','/system/menu_mgr.html',16,NULL,NULL,NULL,1,'2018-05-29 16:24:47',NULL);
insert  into `menu`(`menu_id`,`menu_code`,`menu_name`,`menu_desc`,`menu_level`,`icon`,`url`,`parent_menu_id`,`pri`,`creator_id`,`create_time`,`modifier_id`,`modify_time`,`del_flag`) values (11,'organize_mgr','组织管理','组织管理',NULL,'','/system/organize_mgr.html',16,NULL,NULL,NULL,1,'2018-05-29 16:25:13',NULL);
insert  into `menu`(`menu_id`,`menu_code`,`menu_name`,`menu_desc`,`menu_level`,`icon`,`url`,`parent_menu_id`,`pri`,`creator_id`,`create_time`,`modifier_id`,`modify_time`,`del_flag`) values (12,'role_mgr','角色管理','角色管理',NULL,'','/system/role_mgr.html',16,NULL,NULL,NULL,1,'2018-05-29 16:24:57',NULL);
insert  into `menu`(`menu_id`,`menu_code`,`menu_name`,`menu_desc`,`menu_level`,`icon`,`url`,`parent_menu_id`,`pri`,`creator_id`,`create_time`,`modifier_id`,`modify_time`,`del_flag`) values (13,'user_mgr','用户管理','用户管理',NULL,'','/system/user_mgr.html',16,NULL,NULL,NULL,1,'2018-05-29 16:25:24',NULL);
insert  into `menu`(`menu_id`,`menu_code`,`menu_name`,`menu_desc`,`menu_level`,`icon`,`url`,`parent_menu_id`,`pri`,`creator_id`,`create_time`,`modifier_id`,`modify_time`,`del_flag`) values (14,'robot_mgr','机器人管理',NULL,1,NULL,'/config/robot_mgr.html',18,NULL,1,'2018-05-09 16:40:49',1,'2018-05-29 16:26:49',0);
insert  into `menu`(`menu_id`,`menu_code`,`menu_name`,`menu_desc`,`menu_level`,`icon`,`url`,`parent_menu_id`,`pri`,`creator_id`,`create_time`,`modifier_id`,`modify_time`,`del_flag`) values (15,'utterance_mgr','语料管理','语料管理',1,NULL,'/config/corpus_mgr.html',18,NULL,NULL,NULL,1,'2018-05-29 16:31:35',NULL);
insert  into `menu`(`menu_id`,`menu_code`,`menu_name`,`menu_desc`,`menu_level`,`icon`,`url`,`parent_menu_id`,`pri`,`creator_id`,`create_time`,`modifier_id`,`modify_time`,`del_flag`) values (16,'system','系统管理',NULL,1,NULL,' ',-1,NULL,1,'2018-05-29 16:19:16',NULL,NULL,0);
insert  into `menu`(`menu_id`,`menu_code`,`menu_name`,`menu_desc`,`menu_level`,`icon`,`url`,`parent_menu_id`,`pri`,`creator_id`,`create_time`,`modifier_id`,`modify_time`,`del_flag`) values (17,'model','模式配置',NULL,1,NULL,' ',-1,NULL,1,'2018-05-29 16:20:04',NULL,NULL,0);
insert  into `menu`(`menu_id`,`menu_code`,`menu_name`,`menu_desc`,`menu_level`,`icon`,`url`,`parent_menu_id`,`pri`,`creator_id`,`create_time`,`modifier_id`,`modify_time`,`del_flag`) values (18,'robot','机器人配置',NULL,1,NULL,' ',-1,NULL,1,'2018-05-29 16:20:27',1,'2018-05-29 16:25:40',0);
insert  into `menu`(`menu_id`,`menu_code`,`menu_name`,`menu_desc`,`menu_level`,`icon`,`url`,`parent_menu_id`,`pri`,`creator_id`,`create_time`,`modifier_id`,`modify_time`,`del_flag`) values (19,'sign','标记管理',NULL,1,NULL,' ',-1,NULL,1,'2018-05-29 16:20:53',NULL,NULL,0);
insert  into `menu`(`menu_id`,`menu_code`,`menu_name`,`menu_desc`,`menu_level`,`icon`,`url`,`parent_menu_id`,`pri`,`creator_id`,`create_time`,`modifier_id`,`modify_time`,`del_flag`) values (20,'chat_history','待标记列表',NULL,1,NULL,'/robot/chat/history.html',19,NULL,1,'2018-05-29 16:28:05',NULL,NULL,0);
insert  into `menu`(`menu_id`,`menu_code`,`menu_name`,`menu_desc`,`menu_level`,`icon`,`url`,`parent_menu_id`,`pri`,`creator_id`,`create_time`,`modifier_id`,`modify_time`,`del_flag`) values (21,'chat_history_all','聊天历史记录',NULL,1,NULL,'/robot/chat/history/all.html',19,NULL,1,'2018-05-29 16:29:02',NULL,NULL,0);
insert  into `menu`(`menu_id`,`menu_code`,`menu_name`,`menu_desc`,`menu_level`,`icon`,`url`,`parent_menu_id`,`pri`,`creator_id`,`create_time`,`modifier_id`,`modify_time`,`del_flag`) values (22,'chat_room','聊天室',NULL,NULL,NULL,'/robot/chat/room.html',19,NULL,1,'2018-05-29 16:29:37',NULL,NULL,0);
insert  into `menu`(`menu_id`,`menu_code`,`menu_name`,`menu_desc`,`menu_level`,`icon`,`url`,`parent_menu_id`,`pri`,`creator_id`,`create_time`,`modifier_id`,`modify_time`,`del_flag`) values (23,'QnA_mgr','问答管理','问答管理',NULL,'','/config/QnA_mgr.html',-2,NULL,NULL,NULL,NULL,NULL,NULL);
insert  into `menu`(`menu_id`,`menu_code`,`menu_name`,`menu_desc`,`menu_level`,`icon`,`url`,`parent_menu_id`,`pri`,`creator_id`,`create_time`,`modifier_id`,`modify_time`,`del_flag`) values (24,'p2p_reply_mgr','点对点应答管理','点对点应答管理',NULL,'','/config/p2p_reply_mgr.html',-2,NULL,NULL,NULL,NULL,NULL,NULL);
insert  into `menu`(`menu_id`,`menu_code`,`menu_name`,`menu_desc`,`menu_level`,`icon`,`url`,`parent_menu_id`,`pri`,`creator_id`,`create_time`,`modifier_id`,`modify_time`,`del_flag`) values (25,'task_version_mgr','任务版本信息管理','任务版本信息管理',NULL,'','/config/task_version_mgr.html',-2,NULL,NULL,NULL,NULL,NULL,NULL);
insert  into `menu`(`menu_id`,`menu_code`,`menu_name`,`menu_desc`,`menu_level`,`icon`,`url`,`parent_menu_id`,`pri`,`creator_id`,`create_time`,`modifier_id`,`modify_time`,`del_flag`) values (26,'p2p_reply_mgr','点对点应答',NULL,1,NULL,'/config/p2p_reply_mgr.html',18,NULL,1,'2018-06-01 12:10:06',NULL,NULL,0);
insert  into `menu`(`menu_id`,`menu_code`,`menu_name`,`menu_desc`,`menu_level`,`icon`,`url`,`parent_menu_id`,`pri`,`creator_id`,`create_time`,`modifier_id`,`modify_time`,`del_flag`) values (27,'syntax_parse','句法解析',NULL,2,NULL,'/syntax/parse/home.html',19,NULL,1,'2018-06-14 15:57:17',1,'2018-06-14 16:18:22',0);

/*Data for the table `model` */

insert  into `model`(`id`,`name`,`utterance_select_method`,`status`,`creator_id`,`create_time`,`modifier_id`,`modify_time`) values (1,'通用任务模式',0,1,1,'2018-04-20 19:12:56',1,'2018-05-29 15:39:48');

/*Data for the table `model_actions` */

insert  into `model_actions`(`id`,`model_id`,`action_id`,`action_trigger_value`,`utterances`,`status`,`creator_id`,`create_time`,`modifier_id`,`modify_time`) values (1,1,1,'6','',1,1,'2018-04-20 19:12:56',1,'2018-05-29 15:39:48');
insert  into `model_actions`(`id`,`model_id`,`action_id`,`action_trigger_value`,`utterances`,`status`,`creator_id`,`create_time`,`modifier_id`,`modify_time`) values (2,1,2,'8','',1,1,'2018-04-20 19:12:56',1,'2018-05-29 15:39:48');
insert  into `model_actions`(`id`,`model_id`,`action_id`,`action_trigger_value`,`utterances`,`status`,`creator_id`,`create_time`,`modifier_id`,`modify_time`) values (4,1,4,'3','',1,1,'2018-04-20 19:12:56',1,'2018-05-29 15:39:48');
insert  into `model_actions`(`id`,`model_id`,`action_id`,`action_trigger_value`,`utterances`,`status`,`creator_id`,`create_time`,`modifier_id`,`modify_time`) values (5,1,5,'7','',1,1,'2018-04-20 19:12:56',1,'2018-05-29 15:39:48');
insert  into `model_actions`(`id`,`model_id`,`action_id`,`action_trigger_value`,`utterances`,`status`,`creator_id`,`create_time`,`modifier_id`,`modify_time`) values (6,1,7,'2','',1,1,'2018-04-20 19:12:56',1,'2018-05-29 15:39:48');
insert  into `model_actions`(`id`,`model_id`,`action_id`,`action_trigger_value`,`utterances`,`status`,`creator_id`,`create_time`,`modifier_id`,`modify_time`) values (7,1,6,'20','',1,1,'2018-05-14 16:57:43',1,'2018-05-29 15:39:48');

/*Data for the table `option` */

insert  into `option`(`id`,`name`,`utility`,`options_id`,`creator_id`,`create_time`,`modifier_id`,`modify_time`,`status`) values (1,'北京，上海，广州，深圳,','5',1,1,'2018-04-20 16:07:27',1,'2018-04-20 16:10:22',1);
insert  into `option`(`id`,`name`,`utility`,`options_id`,`creator_id`,`create_time`,`modifier_id`,`modify_time`,`status`) values (2,'成都、杭州、武汉、重庆、南京、天津、苏州、西安、长沙、沈阳、青岛、郑州、大连、东莞、宁波','4',1,1,'2018-04-20 16:08:50',1,'2018-04-20 16:10:22',1);
insert  into `option`(`id`,`name`,`utility`,`options_id`,`creator_id`,`create_time`,`modifier_id`,`modify_time`,`status`) values (3,'潍坊、保定、镇江、扬州、桂林、唐山、三亚、湖州、呼和浩特、廊坊、洛阳、威海、盐城、临沂、江门、汕头、泰州、漳州、邯郸、济宁、芜湖、淄博、银川、柳州、绵阳、湛江、鞍山、赣州、大庆、宜昌、包头、咸阳、秦皇岛、株洲、莆田、吉林、淮安、肇庆、宁德、衡阳、南平、连云港、丹东、丽江、揭阳、延边朝鲜族自治州、舟山、九江、龙岩、沧州、抚顺、襄阳、上饶、营口、三明、蚌埠、丽水、岳阳、清远、荆州、泰安、衢州、盘锦、东营、南阳、马鞍山、南充、西宁、孝感、齐齐哈尔','3',1,1,'2018-04-20 16:09:38',1,'2018-04-20 16:10:22',1);
insert  into `option`(`id`,`name`,`utility`,`options_id`,`creator_id`,`create_time`,`modifier_id`,`modify_time`,`status`) values (4,'乐山、湘潭、遵义、宿迁、新乡、信阳、滁州、锦州、潮州、黄冈、开封、德阳、德州、梅州、鄂尔多斯、邢台、茂名、大理白族自治州、韶关、商丘、安庆、黄石、六安、玉林、宜春、北海、牡丹江、张家口、梧州、日照、咸宁、常德、佳木斯、红河哈尼族彝族自治州、黔东南苗族侗族自治州、阳江、晋中、渭南、呼伦贝尔、恩施土家族苗族自治州、河源、郴州、阜阳、聊城、大同、宝鸡、许昌、赤峰、运城、安阳、临汾、宣城、曲靖、西双版纳傣族自治州、邵阳、葫芦岛、平顶山、辽阳、菏泽、本溪、驻马店、汕尾、焦作、黄山、怀化、四平、榆林、十堰、宜宾、滨州、抚州、淮南、周口、黔南布依族苗族自治州、泸州、玉溪、眉山、通化、宿州、枣庄、内江、遂宁、吉安、通辽、景德镇、阜新、雅安、铁岭、承德、娄底','2',1,1,'2018-04-20 16:10:03',1,'2018-04-20 16:10:22',1);
insert  into `option`(`id`,`name`,`utility`,`options_id`,`creator_id`,`create_time`,`modifier_id`,`modify_time`,`status`) values (5,'克拉玛依、长治、永州、绥化、巴音郭楞蒙古自治州、拉萨、云浮、益阳、百色、资阳、荆门、松原、凉山彝族自治州、达州、伊犁哈萨克自治州、广安、自贡、汉中、朝阳、漯河、钦州、贵港、安顺、鄂州、广元、河池、鹰潭、乌兰察布、铜陵、昌吉回族自治州、衡水、黔西南布依族苗族自治州、濮阳、锡林郭勒盟、巴彦淖尔、鸡西、贺州、防城港、兴安盟、白山、三门峡、忻州、双鸭山、楚雄彝族自治州、新余、来宾、淮北、亳州、湘西土家族苗族自治州、吕梁、攀枝花、晋城、延安、毕节、张家界、酒泉、崇左、萍乡、乌海、伊春、六盘水、随州、德宏傣族景颇族自治州、池州、黑河、哈密、文山壮族苗族自治州、阿坝藏族羌族自治州、天水、辽源、张掖、铜仁、鹤壁、儋州、保山、安康、白城、巴中、普洱、鹤岗、莱芜、阳泉、甘孜藏族自治州、嘉峪关、白银、临沧、商洛、阿克苏地区、海西蒙古族藏族自治州、大兴安岭地区、七台河、朔州、铜川、定西、迪庆藏族自治州、日喀则、庆阳、昭通、喀什地区、怒江傈僳族自治州、海东、阿勒泰地区、平凉、石嘴山、武威、阿拉善盟、塔城地区、林芝、金昌、吴忠、中卫、陇南、山南、吐鲁番、博尔塔拉蒙古自治州、临夏回族自治州、固原、甘南藏族自治州、昌都、阿里地区、海南藏族自治州、和田地区、克孜勒苏柯尔克孜自治州、海北藏族自治州、那曲地区、玉树藏族自治州、黄南藏族自治州、果洛藏族自治州、三沙','1',1,1,'2018-04-20 16:10:22',1,NULL,1);
insert  into `option`(`id`,`name`,`utility`,`options_id`,`creator_id`,`create_time`,`modifier_id`,`modify_time`,`status`) values (6,'公司','1',2,1,'2018-05-30 15:02:19',1,'2018-06-04 16:25:04',1);
insert  into `option`(`id`,`name`,`utility`,`options_id`,`creator_id`,`create_time`,`modifier_id`,`modify_time`,`status`) values (7,'上班','1',2,1,'2018-05-30 15:02:19',1,'2018-06-04 16:25:04',1);
insert  into `option`(`id`,`name`,`utility`,`options_id`,`creator_id`,`create_time`,`modifier_id`,`modify_time`,`status`) values (8,'有','1',3,1,'2018-05-30 15:06:06',NULL,NULL,1);
insert  into `option`(`id`,`name`,`utility`,`options_id`,`creator_id`,`create_time`,`modifier_id`,`modify_time`,`status`) values (9,'没有','1',3,1,'2018-05-30 15:06:06',NULL,NULL,1);
insert  into `option`(`id`,`name`,`utility`,`options_id`,`creator_id`,`create_time`,`modifier_id`,`modify_time`,`status`) values (10,'再见','1',4,1,'2018-05-30 15:19:49',NULL,NULL,1);
insert  into `option`(`id`,`name`,`utility`,`options_id`,`creator_id`,`create_time`,`modifier_id`,`modify_time`,`status`) values (12,'有房有车','1',5,1,'2018-05-31 17:39:47',1,'2018-06-04 16:23:51',NULL);
insert  into `option`(`id`,`name`,`utility`,`options_id`,`creator_id`,`create_time`,`modifier_id`,`modify_time`,`status`) values (13,'有房没车','1',5,1,'2018-05-31 17:39:47',1,'2018-06-04 16:23:51',NULL);
insert  into `option`(`id`,`name`,`utility`,`options_id`,`creator_id`,`create_time`,`modifier_id`,`modify_time`,`status`) values (14,'没房有车','1',5,1,'2018-05-31 17:39:47',1,'2018-06-04 16:23:51',NULL);
insert  into `option`(`id`,`name`,`utility`,`options_id`,`creator_id`,`create_time`,`modifier_id`,`modify_time`,`status`) values (15,'没房没车','1',5,1,'2018-05-31 17:39:47',1,'2018-06-04 16:23:51',NULL);
insert  into `option`(`id`,`name`,`utility`,`options_id`,`creator_id`,`create_time`,`modifier_id`,`modify_time`,`status`) values (16,'考虑',NULL,6,1,'2018-05-31 17:41:19',1,'2018-06-04 16:22:24',NULL);
insert  into `option`(`id`,`name`,`utility`,`options_id`,`creator_id`,`create_time`,`modifier_id`,`modify_time`,`status`) values (17,'不考虑',NULL,6,1,'2018-05-31 17:41:19',1,'2018-06-04 16:22:24',NULL);
insert  into `option`(`id`,`name`,`utility`,`options_id`,`creator_id`,`create_time`,`modifier_id`,`modify_time`,`status`) values (18,'TRUE','1',7,1,'2018-05-31 17:50:52',NULL,NULL,1);
insert  into `option`(`id`,`name`,`utility`,`options_id`,`creator_id`,`create_time`,`modifier_id`,`modify_time`,`status`) values (19,'FALSE','1',7,1,'2018-05-31 17:50:52',NULL,NULL,1);
insert  into `option`(`id`,`name`,`utility`,`options_id`,`creator_id`,`create_time`,`modifier_id`,`modify_time`,`status`) values (20,'在家','1',2,1,'2018-06-04 16:25:04',1,NULL,1);

/*Data for the table `options` */

insert  into `options`(`id`,`code`,`name`,`status`,`creator_id`,`create_time`,`modifier_id`,`modify_time`) values (1,'citys','城市',1,1,'2018-04-20 16:07:26',1,'2018-04-20 16:10:22');
insert  into `options`(`id`,`code`,`name`,`status`,`creator_id`,`create_time`,`modifier_id`,`modify_time`) values (2,'corp_work','公司与上班',1,1,'2018-05-30 15:02:19',1,'2018-06-04 16:25:04');
insert  into `options`(`id`,`code`,`name`,`status`,`creator_id`,`create_time`,`modifier_id`,`modify_time`) values (3,'own_or_not','有与没有',1,1,'2018-05-30 15:06:06',NULL,NULL);
insert  into `options`(`id`,`code`,`name`,`status`,`creator_id`,`create_time`,`modifier_id`,`modify_time`) values (4,'bye','再见',1,1,'2018-05-30 15:19:49',NULL,NULL);
insert  into `options`(`id`,`code`,`name`,`status`,`creator_id`,`create_time`,`modifier_id`,`modify_time`) values (5,'car_and_house','是否有车房',NULL,1,'2018-05-31 17:39:47',1,'2018-06-04 16:23:51');
insert  into `options`(`id`,`code`,`name`,`status`,`creator_id`,`create_time`,`modifier_id`,`modify_time`) values (6,'consider','考虑',1,1,'2018-05-31 17:41:19',1,'2018-06-04 16:22:24');
insert  into `options`(`id`,`code`,`name`,`status`,`creator_id`,`create_time`,`modifier_id`,`modify_time`) values (7,'Ture_False','Ture_And_False',1,1,'2018-05-31 17:50:52',NULL,NULL);

/*Data for the table `organize` */

insert  into `organize`(`organize_id`,`organize_code`,`organize_name`,`organize_type`,`organize_level`,`parent_organize_id`,`status`,`creator_id`,`create_time`,`modifier_id`,`modify_time`) values (1,'ROOT','集团',NULL,NULL,-1,1,NULL,NULL,NULL,NULL);

/*Data for the table `p2p_corpus` */

insert  into `p2p_corpus`(`id`,`matching_type`,`corpuss`,`p2p_repay_id`,`status`,`creator_id`,`create_time`,`modifier_id`,`modify_time`) values (1,0,'哪里公司, 哪里得公司, 那个公司, 啥子公司, 什么公司, 单位, 做啥子, 中介, 代理, 做什么, 东西, 你们是做啥子的',2,1,1,'2018-06-01 15:00:19',NULL,NULL);
insert  into `p2p_corpus`(`id`,`matching_type`,`corpuss`,`p2p_repay_id`,`status`,`creator_id`,`create_time`,`modifier_id`,`modify_time`) values (2,0,'地址, 地方, 位置, 彼此, 在那里, 在哪, 哪里',3,1,1,'2018-06-01 15:03:21',NULL,NULL);
insert  into `p2p_corpus`(`id`,`matching_type`,`corpuss`,`p2p_repay_id`,`status`,`creator_id`,`create_time`,`modifier_id`,`modify_time`) values (3,0,'费用, 手续费, 收费, 免费, 收钱, 要钱, 几个点, 中介费',4,1,1,'2018-06-01 15:03:42',NULL,NULL);
insert  into `p2p_corpus`(`id`,`matching_type`,`corpuss`,`p2p_repay_id`,`status`,`creator_id`,`create_time`,`modifier_id`,`modify_time`) values (4,0,'几天能放款',5,1,1,'2018-06-01 15:04:03',NULL,NULL);
insert  into `p2p_corpus`(`id`,`matching_type`,`corpuss`,`p2p_repay_id`,`status`,`creator_id`,`create_time`,`modifier_id`,`modify_time`) values (5,0,'利息最低多少',6,1,1,'2018-06-01 15:04:57',NULL,NULL);
insert  into `p2p_corpus`(`id`,`matching_type`,`corpuss`,`p2p_repay_id`,`status`,`creator_id`,`create_time`,`modifier_id`,`modify_time`) values (6,0,'骗子, 骗人, 乱收费, 保障, 高利贷, 催款, 暴利, 催收',7,1,1,'2018-06-01 15:05:34',NULL,NULL);
insert  into `p2p_corpus`(`id`,`matching_type`,`corpuss`,`p2p_repay_id`,`status`,`creator_id`,`create_time`,`modifier_id`,`modify_time`) values (7,0,'黑户, 工作, 黑妇, 黑裤, 负债, 附在',8,1,1,'2018-06-01 15:06:10',NULL,NULL);
insert  into `p2p_corpus`(`id`,`matching_type`,`corpuss`,`p2p_repay_id`,`status`,`creator_id`,`create_time`,`modifier_id`,`modify_time`) values (8,0,'银行, 机构',8,1,1,'2018-06-01 15:06:10',NULL,NULL);
insert  into `p2p_corpus`(`id`,`matching_type`,`corpuss`,`p2p_repay_id`,`status`,`creator_id`,`create_time`,`modifier_id`,`modify_time`) values (9,0,'正规, 歪的',9,1,1,'2018-06-01 15:06:41',NULL,NULL);
insert  into `p2p_corpus`(`id`,`matching_type`,`corpuss`,`p2p_repay_id`,`status`,`creator_id`,`create_time`,`modifier_id`,`modify_time`) values (10,0,'复杂, 麻烦, 难搞, 难得搞',10,1,1,'2018-06-01 15:07:07',NULL,NULL);
insert  into `p2p_corpus`(`id`,`matching_type`,`corpuss`,`p2p_repay_id`,`status`,`creator_id`,`create_time`,`modifier_id`,`modify_time`) values (11,0,'资料, 材料',11,1,1,'2018-06-01 15:07:40',NULL,NULL);
insert  into `p2p_corpus`(`id`,`matching_type`,`corpuss`,`p2p_repay_id`,`status`,`creator_id`,`create_time`,`modifier_id`,`modify_time`) values (12,0,'不做抵押, 不低压, 不地呀',12,1,1,'2018-06-01 15:08:03',NULL,NULL);
insert  into `p2p_corpus`(`id`,`matching_type`,`corpuss`,`p2p_repay_id`,`status`,`creator_id`,`create_time`,`modifier_id`,`modify_time`) values (13,0,'乱收费, 保障, 高利贷, 高利贷, 催款, 暴利, 催收',13,1,1,'2018-06-01 15:08:23',NULL,NULL);
insert  into `p2p_corpus`(`id`,`matching_type`,`corpuss`,`p2p_repay_id`,`status`,`creator_id`,`create_time`,`modifier_id`,`modify_time`) values (14,0,'做什么贷款, 抵押贷还是消费贷',14,1,1,'2018-06-01 15:08:47',NULL,NULL);
insert  into `p2p_corpus`(`id`,`matching_type`,`corpuss`,`p2p_repay_id`,`status`,`creator_id`,`create_time`,`modifier_id`,`modify_time`) values (15,0,'贷款, 流程, 抵押, 做的, 信用, 二抵',15,1,1,'2018-06-01 15:09:10',NULL,NULL);
insert  into `p2p_corpus`(`id`,`matching_type`,`corpuss`,`p2p_repay_id`,`status`,`creator_id`,`create_time`,`modifier_id`,`modify_time`) values (16,0,'称呼, 贵姓, 朋友',16,1,1,'2018-06-01 15:09:52',NULL,NULL);
insert  into `p2p_corpus`(`id`,`matching_type`,`corpuss`,`p2p_repay_id`,`status`,`creator_id`,`create_time`,`modifier_id`,`modify_time`) values (17,0,'贷多少',17,1,1,'2018-06-01 15:10:14',NULL,NULL);
insert  into `p2p_corpus`(`id`,`matching_type`,`corpuss`,`p2p_repay_id`,`status`,`creator_id`,`create_time`,`modifier_id`,`modify_time`) values (18,0,'网上, 网贷, 放款, APP, app, 线上',18,1,1,'2018-06-01 15:15:53',NULL,NULL);
insert  into `p2p_corpus`(`id`,`matching_type`,`corpuss`,`p2p_repay_id`,`status`,`creator_id`,`create_time`,`modifier_id`,`modify_time`) values (19,0,'远了, 眉山, 郫县, 新都, 龙泉, 华阳, 有点远, 好远',19,1,1,'2018-06-01 15:16:16',NULL,NULL);
insert  into `p2p_corpus`(`id`,`matching_type`,`corpuss`,`p2p_repay_id`,`status`,`creator_id`,`create_time`,`modifier_id`,`modify_time`) values (20,0,'逾期, 征信, 真信, 黑名单, 真心, 真性, 真行, [真, 问题]',20,1,1,'2018-06-01 15:16:41',NULL,NULL);
insert  into `p2p_corpus`(`id`,`matching_type`,`corpuss`,`p2p_repay_id`,`status`,`creator_id`,`create_time`,`modifier_id`,`modify_time`) values (21,0,'退休, 老年人, 年纪大, 六七十岁, 七八十岁',21,1,1,'2018-06-01 15:17:02',NULL,NULL);
insert  into `p2p_corpus`(`id`,`matching_type`,`corpuss`,`p2p_repay_id`,`status`,`creator_id`,`create_time`,`modifier_id`,`modify_time`) values (22,0,'信用, 保单, 保险, 社保, 车, 营业, 执照, 发票, 飞机票, 资质',22,1,1,'2018-06-01 15:17:39',NULL,NULL);
insert  into `p2p_corpus`(`id`,`matching_type`,`corpuss`,`p2p_repay_id`,`status`,`creator_id`,`create_time`,`modifier_id`,`modify_time`) values (23,0,'找到我, 我的号码',23,1,1,'2018-06-01 15:18:09',NULL,NULL);
insert  into `p2p_corpus`(`id`,`matching_type`,`corpuss`,`p2p_repay_id`,`status`,`creator_id`,`create_time`,`modifier_id`,`modify_time`) values (24,0,'机器',24,1,1,'2018-06-01 15:18:29',1,'2018-06-01 15:18:40');
insert  into `p2p_corpus`(`id`,`matching_type`,`corpuss`,`p2p_repay_id`,`status`,`creator_id`,`create_time`,`modifier_id`,`modify_time`) values (25,0,'听我讲, 不要说, 喂喂, 等等',25,1,1,'2018-06-01 15:28:03',NULL,NULL);
insert  into `p2p_corpus`(`id`,`matching_type`,`corpuss`,`p2p_repay_id`,`status`,`creator_id`,`create_time`,`modifier_id`,`modify_time`) values (26,0,'开发',26,1,1,'2018-06-01 18:16:19',NULL,NULL);
insert  into `p2p_corpus`(`id`,`matching_type`,`corpuss`,`p2p_repay_id`,`status`,`creator_id`,`create_time`,`modifier_id`,`modify_time`) values (27,0,'听我说',25,1,1,'2018-06-04 16:20:13',NULL,NULL);
insert  into `p2p_corpus`(`id`,`matching_type`,`corpuss`,`p2p_repay_id`,`status`,`creator_id`,`create_time`,`modifier_id`,`modify_time`) values (28,0,'我要回家',27,1,1,'2018-06-04 17:25:55',NULL,NULL);
insert  into `p2p_corpus`(`id`,`matching_type`,`corpuss`,`p2p_repay_id`,`status`,`creator_id`,`create_time`,`modifier_id`,`modify_time`) values (29,0,'有啊，有，有的',28,1,1,'2018-06-05 16:04:43',1,'2018-06-06 18:07:30');
insert  into `p2p_corpus`(`id`,`matching_type`,`corpuss`,`p2p_repay_id`,`status`,`creator_id`,`create_time`,`modifier_id`,`modify_time`) values (30,0,'利率多少',4,1,1,'2018-06-07 17:36:46',NULL,NULL);
insert  into `p2p_corpus`(`id`,`matching_type`,`corpuss`,`p2p_repay_id`,`status`,`creator_id`,`create_time`,`modifier_id`,`modify_time`) values (31,0,'利息多少',4,1,1,'2018-06-07 17:54:48',NULL,NULL);
insert  into `p2p_corpus`(`id`,`matching_type`,`corpuss`,`p2p_repay_id`,`status`,`creator_id`,`create_time`,`modifier_id`,`modify_time`) values (32,0,'你是谁',16,1,1,'2018-06-11 15:14:09',NULL,NULL);
insert  into `p2p_corpus`(`id`,`matching_type`,`corpuss`,`p2p_repay_id`,`status`,`creator_id`,`create_time`,`modifier_id`,`modify_time`) values (33,0,'你们是谁',2,1,1,'2018-06-11 15:15:23',NULL,NULL);
insert  into `p2p_corpus`(`id`,`matching_type`,`corpuss`,`p2p_repay_id`,`status`,`creator_id`,`create_time`,`modifier_id`,`modify_time`) values (34,0,'都有哪些期限',29,1,1,'2018-06-11 15:17:45',NULL,NULL);
insert  into `p2p_corpus`(`id`,`matching_type`,`corpuss`,`p2p_repay_id`,`status`,`creator_id`,`create_time`,`modifier_id`,`modify_time`) values (35,0,'你猜',30,1,1,'2018-06-11 15:20:38',NULL,NULL);
insert  into `p2p_corpus`(`id`,`matching_type`,`corpuss`,`p2p_repay_id`,`status`,`creator_id`,`create_time`,`modifier_id`,`modify_time`) values (36,0,'什么期限',29,1,1,'2018-06-11 15:21:29',NULL,NULL);
insert  into `p2p_corpus`(`id`,`matching_type`,`corpuss`,`p2p_repay_id`,`status`,`creator_id`,`create_time`,`modifier_id`,`modify_time`) values (37,0,'呵呵',31,1,1,'2018-06-11 15:28:04',NULL,NULL);
insert  into `p2p_corpus`(`id`,`matching_type`,`corpuss`,`p2p_repay_id`,`status`,`creator_id`,`create_time`,`modifier_id`,`modify_time`) values (38,0,'最高额度',17,1,1,'2018-06-11 15:58:15',NULL,NULL);
insert  into `p2p_corpus`(`id`,`matching_type`,`corpuss`,`p2p_repay_id`,`status`,`creator_id`,`create_time`,`modifier_id`,`modify_time`) values (39,0,'怎么去了解',19,1,1,'2018-06-11 16:02:20',NULL,NULL);
insert  into `p2p_corpus`(`id`,`matching_type`,`corpuss`,`p2p_repay_id`,`status`,`creator_id`,`create_time`,`modifier_id`,`modify_time`) values (40,0,'怎么了解',19,1,1,'2018-06-11 16:02:25',NULL,NULL);
insert  into `p2p_corpus`(`id`,`matching_type`,`corpuss`,`p2p_repay_id`,`status`,`creator_id`,`create_time`,`modifier_id`,`modify_time`) values (41,0,'你想干啥',2,1,1,'2018-06-11 16:11:02',NULL,NULL);

/*Data for the table `p2p_reply` */

insert  into `p2p_reply`(`id`,`answer`,`title`,`type`,`status`,`task_id`,`creator_id`,`create_time`,`modifier_id`,`modify_time`) values (2,'我们是专业的第3方融资服务平台，专门解决中小企业，个人融资难的问题的','哪里公司',1,1,2,1,'2018-06-01 15:00:19',NULL,NULL);
insert  into `p2p_reply`(`id`,`answer`,`title`,`type`,`status`,`task_id`,`creator_id`,`create_time`,`modifier_id`,`modify_time`) values (3,'我们在东门大桥，春熙路这边的，就是在市中心','地址',1,1,2,1,'2018-06-01 15:03:21',NULL,NULL);
insert  into `p2p_reply`(`id`,`answer`,`title`,`type`,`status`,`task_id`,`creator_id`,`create_time`,`modifier_id`,`modify_time`) values (4,'是这样子的，我们公司会根据您的实际情况，为您匹配到低费率而且是较快的贷款产品，当然我们公司也会收取贷款额少量比例的服务费用，具体多少还是根据客户实际情况来定的。','手续费',1,1,2,1,'2018-06-01 15:03:42',NULL,NULL);
insert  into `p2p_reply`(`id`,`answer`,`title`,`type`,`status`,`task_id`,`creator_id`,`create_time`,`modifier_id`,`modify_time`) values (5,'恩，这个是需要看给你走什么产品的，快的话，咱们可以2天','放款周期',1,1,2,1,'2018-06-01 15:04:03',NULL,NULL);
insert  into `p2p_reply`(`id`,`answer`,`title`,`type`,`status`,`task_id`,`creator_id`,`create_time`,`modifier_id`,`modify_time`) values (6,'我们这有月2','利息多少',1,1,2,1,'2018-06-01 15:04:57',NULL,NULL);
insert  into `p2p_reply`(`id`,`answer`,`title`,`type`,`status`,`task_id`,`creator_id`,`create_time`,`modifier_id`,`modify_time`) values (7,'我们在成都这边都做了5年了，已经成功为数十万的贷款客户，解决了他们的融资问题。','资质',1,1,2,1,'2018-06-01 15:05:34',NULL,NULL);
insert  into `p2p_reply`(`id`,`answer`,`title`,`type`,`status`,`task_id`,`creator_id`,`create_time`,`modifier_id`,`modify_time`) values (8,'恩，是这样子的，我们公司目前，是和跟多家银行和融资机构都在合作的，一般会您那边的具体情况来为你量身定做最佳贷款方案的。','贷款方案',1,1,2,1,'2018-06-01 15:06:10',NULL,NULL);
insert  into `p2p_reply`(`id`,`answer`,`title`,`type`,`status`,`task_id`,`creator_id`,`create_time`,`modifier_id`,`modify_time`) values (9,'这个您可以放心，您可以来我们公司当面了解一下的呀，眼见为实的嘛，对吧。','信用度',1,1,2,1,'2018-06-01 15:06:41',NULL,NULL);
insert  into `p2p_reply`(`id`,`answer`,`title`,`type`,`status`,`task_id`,`creator_id`,`create_time`,`modifier_id`,`modify_time`) values (10,'恩，现在这些都是比较方便的啦。不管您是抵押，还是信用贷款，资料准备都很简单的了','资料复杂度',1,1,2,1,'2018-06-01 15:07:07',NULL,NULL);
insert  into `p2p_reply`(`id`,`answer`,`title`,`type`,`status`,`task_id`,`creator_id`,`create_time`,`modifier_id`,`modify_time`) values (11,'哦，我们准备的资料还是蛮简单的，就比如说：身份证，征信报告，还有社保，公积金或者房厂证，这些就可以了，这样吧，我一会还是发一个详细信息到您手机上，您到时看一下好吗?。','资料要求',1,1,2,1,'2018-06-01 15:07:40',NULL,NULL);
insert  into `p2p_reply`(`id`,`answer`,`title`,`type`,`status`,`task_id`,`creator_id`,`create_time`,`modifier_id`,`modify_time`) values (12,'这个的话，还是看你那边是否愿意呀，如果您不想做抵押的话，那这边还是可以帮您操作信用贷款的。','不抵押贷款',1,1,2,1,'2018-06-01 15:08:03',NULL,NULL);
insert  into `p2p_reply`(`id`,`answer`,`title`,`type`,`status`,`task_id`,`creator_id`,`create_time`,`modifier_id`,`modify_time`) values (13,'哦，这个您放心好了，我们公司是正规贷款平台，利息都是按照国家标准来的，这个您可以来我们公司详细了解一下的。','乱收费',1,1,2,1,'2018-06-01 15:08:23',NULL,NULL);
insert  into `p2p_reply`(`id`,`answer`,`title`,`type`,`status`,`task_id`,`creator_id`,`create_time`,`modifier_id`,`modify_time`) values (14,'我们是做抵押，和个人信用贷款的','贷款类型',1,1,2,1,'2018-06-01 15:08:47',NULL,NULL);
insert  into `p2p_reply`(`id`,`answer`,`title`,`type`,`status`,`task_id`,`creator_id`,`create_time`,`modifier_id`,`modify_time`) values (15,'恩，这个是这样子的，我们公司会根据您这个具体情况来，为为您匹配到低费率的产品，因为我这边市场部的，那么，具体情况，我安排我们专业的融资顾问来为您解答，如果方案您满意的话，您可以直接找我们办理，如果不满意的话，您就当做一个了解，也是可以的，对吧。','特殊情况',1,1,2,1,'2018-06-01 15:09:10',NULL,NULL);
insert  into `p2p_reply`(`id`,`answer`,`title`,`type`,`status`,`task_id`,`creator_id`,`create_time`,`modifier_id`,`modify_time`) values (16,'我这边王，您叫我小王就可以了，稍后我给您发个信息过去，上面有我的姓名，还是手机号码，您随时联系我都是可以的','称呼',1,1,2,1,'2018-06-01 15:09:52',NULL,NULL);
insert  into `p2p_reply`(`id`,`answer`,`title`,`type`,`status`,`task_id`,`creator_id`,`create_time`,`modifier_id`,`modify_time`) values (17,'这个贷多少的话，还是要根据您个人情况来定的哈，每个人的情况都不同的。','贷多少',1,1,2,1,'2018-06-01 15:10:13',NULL,NULL);
insert  into `p2p_reply`(`id`,`answer`,`title`,`type`,`status`,`task_id`,`creator_id`,`create_time`,`modifier_id`,`modify_time`) values (18,'是的，我们也有很多网贷渠道，我这边安排贷款顾问给你回个电话具体讲解下，这样更方便您了解，您看好么？','网贷',1,1,2,1,'2018-06-01 15:15:53',NULL,NULL);
insert  into `p2p_reply`(`id`,`answer`,`title`,`type`,`status`,`task_id`,`creator_id`,`create_time`,`modifier_id`,`modify_time`) values (19,'这样子吧，我先安排贷款顾问给您详细介绍下，看您的条件满足不。你再做决定。','远了',1,1,2,1,'2018-06-01 15:16:16',NULL,NULL);
insert  into `p2p_reply`(`id`,`answer`,`title`,`type`,`status`,`task_id`,`creator_id`,`create_time`,`modifier_id`,`modify_time`) values (20,'要看您征信不好到什么程度，您看要么安排我们公司专业的融资顾问跟您详细沟通一下，然后给您匹配最好的贷款方案，您看可以吗','逾期',1,1,2,1,'2018-06-01 15:16:41',NULL,NULL);
insert  into `p2p_reply`(`id`,`answer`,`title`,`type`,`status`,`task_id`,`creator_id`,`create_time`,`modifier_id`,`modify_time`) values (21,'我们有匹配不同年纪的银行产品，我能了解以下您的具体情况么？','年龄大',1,1,2,1,'2018-06-01 15:17:02',NULL,NULL);
insert  into `p2p_reply`(`id`,`answer`,`title`,`type`,`status`,`task_id`,`creator_id`,`create_time`,`modifier_id`,`modify_time`) values (22,'哦，是这样子的，我们有多种融资产品，我这边需要了解一下你的具体情况，看下怎么给您操作是最合适的','拥有资料',1,1,2,1,'2018-06-01 15:17:39',NULL,NULL);
insert  into `p2p_reply`(`id`,`answer`,`title`,`type`,`status`,`task_id`,`creator_id`,`create_time`,`modifier_id`,`modify_time`) values (23,'这个我们都是电脑随机拨号的','怎么找到我',1,1,2,1,'2018-06-01 15:18:09',NULL,NULL);
insert  into `p2p_reply`(`id`,`answer`,`title`,`type`,`status`,`task_id`,`creator_id`,`create_time`,`modifier_id`,`modify_time`) values (24,'怎么会呢，肯定是人工给你打的电话，我姓王，你可以叫我小王','你是机器吗',1,1,2,1,'2018-06-01 15:18:29',1,'2018-06-01 15:18:40');
insert  into `p2p_reply`(`id`,`answer`,`title`,`type`,`status`,`task_id`,`creator_id`,`create_time`,`modifier_id`,`modify_time`) values (25,'不好意思，您说','打断',1,1,2,1,'2018-06-01 15:28:03',NULL,NULL);
insert  into `p2p_reply`(`id`,`answer`,`title`,`type`,`status`,`task_id`,`creator_id`,`create_time`,`modifier_id`,`modify_time`) values (26,'我们是数据团队的','开发',1,1,2,1,'2018-06-01 18:16:19',NULL,NULL);
insert  into `p2p_reply`(`id`,`answer`,`title`,`type`,`status`,`task_id`,`creator_id`,`create_time`,`modifier_id`,`modify_time`) values (27,'你家在哪里','你家在哪里',1,1,1,1,'2018-06-04 17:25:55',NULL,NULL);
insert  into `p2p_reply`(`id`,`answer`,`title`,`type`,`status`,`task_id`,`creator_id`,`create_time`,`modifier_id`,`modify_time`) values (28,'是有车还是有房呢','有啥',1,1,2,1,'2018-06-05 16:04:43',1,'2018-06-06 18:07:30');
insert  into `p2p_reply`(`id`,`answer`,`title`,`type`,`status`,`task_id`,`creator_id`,`create_time`,`modifier_id`,`modify_time`) values (29,'我们期限分为三个月、六个月，十二个月的，当然如果您有的特别的要求我们可以针对您进行定制期限','期限',1,1,2,1,'2018-06-11 15:17:45',NULL,NULL);
insert  into `p2p_reply`(`id`,`answer`,`title`,`type`,`status`,`task_id`,`creator_id`,`create_time`,`modifier_id`,`modify_time`) values (30,'这个有点难，臣妾猜不了','你猜',1,1,2,1,'2018-06-11 15:20:38',NULL,NULL);
insert  into `p2p_reply`(`id`,`answer`,`title`,`type`,`status`,`task_id`,`creator_id`,`create_time`,`modifier_id`,`modify_time`) values (31,'呵呵哒！~','呵呵',1,1,2,1,'2018-06-11 15:28:04',NULL,NULL);

/*Data for the table `qna` */

insert  into `qna`(`id`,`description`,`keyword`,`answer_type`,`options_id`,`semantic_parsers`,`status`,`creator_id`,`create_time`,`modifier_id`,`modify_time`,`task_id`) values (1,'请问您要去哪里？','目的地',5,1,'',1,1,'2018-04-20 20:06:00',1,'2018-05-06 16:04:49',1);
insert  into `qna`(`id`,`description`,`keyword`,`answer_type`,`options_id`,`semantic_parsers`,`status`,`creator_id`,`create_time`,`modifier_id`,`modify_time`,`task_id`) values (2,'请问您要从哪里出发？','出发地',5,1,'',1,1,'2018-04-20 20:08:05',1,'2018-05-06 16:05:30',1);
insert  into `qna`(`id`,`description`,`keyword`,`answer_type`,`options_id`,`semantic_parsers`,`status`,`creator_id`,`create_time`,`modifier_id`,`modify_time`,`task_id`) values (3,'请问您的出发时间是哪天？','启程日',3,NULL,'3',1,1,'2018-04-20 20:09:21',1,'2018-05-06 16:06:00',1);
insert  into `qna`(`id`,`description`,`keyword`,`answer_type`,`options_id`,`semantic_parsers`,`status`,`creator_id`,`create_time`,`modifier_id`,`modify_time`,`task_id`) values (4,'请问您是否预订返程票？','是否返程',1,NULL,'1',1,1,'2018-04-20 20:10:01',1,'2018-05-07 16:14:36',1);
insert  into `qna`(`id`,`description`,`keyword`,`answer_type`,`options_id`,`semantic_parsers`,`status`,`creator_id`,`create_time`,`modifier_id`,`modify_time`,`task_id`) values (5,'请问您想预订的返程日期是哪天？','返程日',3,1,'4',NULL,1,'2018-04-20 20:10:54',1,'2018-05-06 16:06:26',1);
insert  into `qna`(`id`,`description`,`keyword`,`answer_type`,`options_id`,`semantic_parsers`,`status`,`creator_id`,`create_time`,`modifier_id`,`modify_time`,`task_id`) values (6,'从{出发地}到{目的地}，{启程日}出发，<{返程日}返回，往返>票价为{票价}，确认需要继续吗？','票价查询与确认',1,NULL,NULL,1,1,'2018-05-03 18:47:43',1,'2018-05-07 11:40:37',1);
insert  into `qna`(`id`,`description`,`keyword`,`answer_type`,`options_id`,`semantic_parsers`,`status`,`creator_id`,`create_time`,`modifier_id`,`modify_time`,`task_id`) values (7,'请问您想预订几个人？','人数',2,NULL,'2',1,1,'2018-04-20 20:11:57',1,'2018-05-06 16:07:02',1);
insert  into `qna`(`id`,`description`,`keyword`,`answer_type`,`options_id`,`semantic_parsers`,`status`,`creator_id`,`create_time`,`modifier_id`,`modify_time`,`task_id`) values (8,'{人数}张，从{出发地}到{目的地}，{启程日}出发，<{返程日}返回，往返>票价为{票价}，总费用为{人数*票价}，确认订单提交吗？','订单确认与提交',1,NULL,NULL,1,1,'2018-05-03 19:04:00',1,'2018-05-07 11:30:20',1);
insert  into `qna`(`id`,`description`,`keyword`,`answer_type`,`options_id`,`semantic_parsers`,`status`,`creator_id`,`create_time`,`modifier_id`,`modify_time`,`task_id`) values (10,'喂，你好。','你好',5,NULL,'8',1,1,'2018-05-30 14:32:34',1,'2018-06-04 15:24:42',2);
insert  into `qna`(`id`,`description`,`keyword`,`answer_type`,`options_id`,`semantic_parsers`,`status`,`creator_id`,`create_time`,`modifier_id`,`modify_time`,`task_id`) values (11,'您好，我这边是专业办理银行贷款的，请问你最近有办理银行贷款的考虑吗？','考虑',1,6,NULL,1,1,'2018-05-30 14:37:05',1,'2018-05-31 17:42:43',2);
insert  into `qna`(`id`,`description`,`keyword`,`answer_type`,`options_id`,`semantic_parsers`,`status`,`creator_id`,`create_time`,`modifier_id`,`modify_time`,`task_id`) values (12,'这样，我先问一下，您目前是需要多少资金呢？','资金',2,NULL,NULL,1,1,'2018-05-30 14:52:27',NULL,NULL,2);
insert  into `qna`(`id`,`description`,`keyword`,`answer_type`,`options_id`,`semantic_parsers`,`status`,`creator_id`,`create_time`,`modifier_id`,`modify_time`,`task_id`) values (13,'那您是开公司，还是自己上班的。','公司与上班',5,2,NULL,1,1,'2018-05-30 15:02:54',NULL,NULL,2);
insert  into `qna`(`id`,`description`,`keyword`,`answer_type`,`options_id`,`semantic_parsers`,`status`,`creator_id`,`create_time`,`modifier_id`,`modify_time`,`task_id`) values (14,'那方便问一下，您自己有房子或者车子吗？','房子与车子',5,5,NULL,1,1,'2018-05-30 15:09:36',1,'2018-05-31 17:44:07',2);
insert  into `qna`(`id`,`description`,`keyword`,`answer_type`,`options_id`,`semantic_parsers`,`status`,`creator_id`,`create_time`,`modifier_id`,`modify_time`,`task_id`) values (15,'好的，那具体会由我们专业的贷款顾问联系您，我就先不打扰您了，那祝你生活愉快，再见。','到时候再说',5,4,'8',1,1,'2018-05-30 15:18:03',1,'2018-06-12 11:56:04',2);
insert  into `qna`(`id`,`description`,`keyword`,`answer_type`,`options_id`,`semantic_parsers`,`status`,`creator_id`,`create_time`,`modifier_id`,`modify_time`,`task_id`) values (16,'那没关系，等您需要的时候再联系，祝您生活愉快，再见。','拒绝贷款与再见',5,4,'8',1,1,'2018-05-30 15:24:07',1,'2018-06-12 11:55:53',2);

/*Data for the table `qna_actions` */

insert  into `qna_actions`(`id`,`answer_id`,`action_id`,`action_trigger_value`,`utterances`,`creator_id`,`create_time`,`modifier_id`,`modify_time`) values (1,1,1,'6','1,2,3',1,'2018-04-20 20:06:00',1,'2018-05-06 16:04:50');
insert  into `qna_actions`(`id`,`answer_id`,`action_id`,`action_trigger_value`,`utterances`,`creator_id`,`create_time`,`modifier_id`,`modify_time`) values (2,2,1,'6','1,2,3',1,'2018-04-20 20:08:05',1,'2018-05-06 16:05:30');
insert  into `qna_actions`(`id`,`answer_id`,`action_id`,`action_trigger_value`,`utterances`,`creator_id`,`create_time`,`modifier_id`,`modify_time`) values (3,3,1,'6','1',1,'2018-04-20 20:09:21',1,'2018-05-06 16:06:00');
insert  into `qna_actions`(`id`,`answer_id`,`action_id`,`action_trigger_value`,`utterances`,`creator_id`,`create_time`,`modifier_id`,`modify_time`) values (5,5,1,'6','1',1,'2018-04-20 20:10:54',1,'2018-05-06 16:06:26');
insert  into `qna_actions`(`id`,`answer_id`,`action_id`,`action_trigger_value`,`utterances`,`creator_id`,`create_time`,`modifier_id`,`modify_time`) values (6,6,1,'','',1,'2018-04-20 20:11:57',1,'2018-05-07 11:40:37');
insert  into `qna_actions`(`id`,`answer_id`,`action_id`,`action_trigger_value`,`utterances`,`creator_id`,`create_time`,`modifier_id`,`modify_time`) values (7,7,11,'','17',1,'2018-04-20 20:11:57',1,'2018-05-06 16:07:02');
insert  into `qna_actions`(`id`,`answer_id`,`action_id`,`action_trigger_value`,`utterances`,`creator_id`,`create_time`,`modifier_id`,`modify_time`) values (9,6,9,'TicketPriceQuery','',1,'2018-05-03 18:47:43',1,'2018-05-07 11:40:37');
insert  into `qna_actions`(`id`,`answer_id`,`action_id`,`action_trigger_value`,`utterances`,`creator_id`,`create_time`,`modifier_id`,`modify_time`) values (10,8,10,'TicketOrderSubmit','',1,'2018-05-03 19:04:01',1,'2018-05-07 11:30:20');
insert  into `qna_actions`(`id`,`answer_id`,`action_id`,`action_trigger_value`,`utterances`,`creator_id`,`create_time`,`modifier_id`,`modify_time`) values (11,1,11,'','10',1,'2018-05-06 16:04:50',1,NULL);
insert  into `qna_actions`(`id`,`answer_id`,`action_id`,`action_trigger_value`,`utterances`,`creator_id`,`create_time`,`modifier_id`,`modify_time`) values (12,2,11,'','11',1,'2018-05-06 16:05:30',1,NULL);
insert  into `qna_actions`(`id`,`answer_id`,`action_id`,`action_trigger_value`,`utterances`,`creator_id`,`create_time`,`modifier_id`,`modify_time`) values (13,3,11,'','15',1,'2018-05-06 16:06:00',1,NULL);
insert  into `qna_actions`(`id`,`answer_id`,`action_id`,`action_trigger_value`,`utterances`,`creator_id`,`create_time`,`modifier_id`,`modify_time`) values (14,5,11,'','16',1,'2018-05-06 16:06:26',1,NULL);
insert  into `qna_actions`(`id`,`answer_id`,`action_id`,`action_trigger_value`,`utterances`,`creator_id`,`create_time`,`modifier_id`,`modify_time`) values (15,8,11,'','18',1,'2018-05-06 16:33:58',1,'2018-05-07 11:30:20');
insert  into `qna_actions`(`id`,`answer_id`,`action_id`,`action_trigger_value`,`utterances`,`creator_id`,`create_time`,`modifier_id`,`modify_time`) values (16,4,8,'票价查询与确认','',1,'2018-05-07 11:08:47',1,'2018-05-07 16:14:36');
insert  into `qna_actions`(`id`,`answer_id`,`action_id`,`action_trigger_value`,`utterances`,`creator_id`,`create_time`,`modifier_id`,`modify_time`) values (17,8,8,'Final','',1,'2018-05-07 11:29:29',1,'2018-05-07 11:30:20');
insert  into `qna_actions`(`id`,`answer_id`,`action_id`,`action_trigger_value`,`utterances`,`creator_id`,`create_time`,`modifier_id`,`modify_time`) values (18,6,8,'Final','',1,'2018-05-07 11:40:37',1,NULL);
insert  into `qna_actions`(`id`,`answer_id`,`action_id`,`action_trigger_value`,`utterances`,`creator_id`,`create_time`,`modifier_id`,`modify_time`) values (19,10,1,'','',1,'2018-05-30 14:32:34',1,'2018-06-04 15:24:42');
insert  into `qna_actions`(`id`,`answer_id`,`action_id`,`action_trigger_value`,`utterances`,`creator_id`,`create_time`,`modifier_id`,`modify_time`) values (20,11,8,'拒绝贷款与再见','',1,'2018-05-30 14:37:05',1,'2018-05-31 17:42:43');
insert  into `qna_actions`(`id`,`answer_id`,`action_id`,`action_trigger_value`,`utterances`,`creator_id`,`create_time`,`modifier_id`,`modify_time`) values (21,12,1,'','',1,'2018-05-30 14:52:27',NULL,NULL);
insert  into `qna_actions`(`id`,`answer_id`,`action_id`,`action_trigger_value`,`utterances`,`creator_id`,`create_time`,`modifier_id`,`modify_time`) values (22,13,1,'','',1,'2018-05-30 15:02:54',NULL,NULL);
insert  into `qna_actions`(`id`,`answer_id`,`action_id`,`action_trigger_value`,`utterances`,`creator_id`,`create_time`,`modifier_id`,`modify_time`) values (23,14,1,'','',1,'2018-05-30 15:09:36',1,'2018-05-31 17:44:07');
insert  into `qna_actions`(`id`,`answer_id`,`action_id`,`action_trigger_value`,`utterances`,`creator_id`,`create_time`,`modifier_id`,`modify_time`) values (24,15,12,'Close','',1,'2018-05-30 15:18:03',1,'2018-06-12 11:56:04');
insert  into `qna_actions`(`id`,`answer_id`,`action_id`,`action_trigger_value`,`utterances`,`creator_id`,`create_time`,`modifier_id`,`modify_time`) values (25,16,12,'Close','',1,'2018-05-30 15:24:07',1,'2018-06-12 11:55:53');

/*Data for the table `robot` */

insert  into `robot`(`id`,`code`,`name`,`logo`,`type`,`description`,`services`,`status`,`creator_id`,`create_time`,`modifier_id`,`modify_time`) values (1,'flightbooking','机票预订专员','/static/robot/chat/img/feiji.jpg',3,NULL,'flightbooking',2,1,'2018-05-09 17:44:54',1,'2018-06-11 15:22:41');
insert  into `robot`(`id`,`code`,`name`,`logo`,`type`,`description`,`services`,`status`,`creator_id`,`create_time`,`modifier_id`,`modify_time`) values (2,'hotel','酒店预订专员','/static/robot/chat/img/jiudian.jpg',3,NULL,'hotel',2,1,'2018-05-09 18:07:49',1,'2018-06-11 15:23:07');
insert  into `robot`(`id`,`code`,`name`,`logo`,`type`,`description`,`services`,`status`,`creator_id`,`create_time`,`modifier_id`,`modify_time`) values (3,'hoteltakeout','外卖预订专员','/static/robot/chat/img/waimai.jpg',3,NULL,'takeout',2,1,'2018-05-09 18:08:15',1,'2018-06-11 15:23:19');
insert  into `robot`(`id`,`code`,`name`,`logo`,`type`,`description`,`services`,`status`,`creator_id`,`create_time`,`modifier_id`,`modify_time`) values (4,'lending','贷款呼出机器人','https://ss0.bdstatic.com/-0U0bnSm1A5BphGlnYG/tam-ogel/0b788ed18bfbab6401ae40e878f7ace4_121_121.jpg',3,NULL,'lending',1,1,'2018-05-30 14:43:00',1,'2018-05-30 14:44:30');

/*Data for the table `role` */

insert  into `role`(`role_id`,`role_code`,`role_name`,`role_type`,`status`,`creator_id`,`create_time`,`modifier_id`,`modify_time`) values (1,'super_operator','超级管理员',NULL,1,NULL,NULL,NULL,NULL);
insert  into `role`(`role_id`,`role_code`,`role_name`,`role_type`,`status`,`creator_id`,`create_time`,`modifier_id`,`modify_time`) values (2,'general_operator','普通管理员',NULL,1,NULL,NULL,NULL,NULL);

/*Data for the table `role_authorize` */

/*Data for the table `semantic_parser` */

insert  into `semantic_parser`(`id`,`name`,`parse_type`,`parse_method`,`parse_addr`,`is_default`,`description`,`status`,`creator_id`,`create_time`,`modifier_id`,`modify_time`) values (1,'BOOLEAN解析器',1,0,'com.hframework.datacenter.myna.parser.BooleanSemanticParser',1,'穷举所有是否组合对',1,1,'2018-04-20 19:03:33',NULL,NULL);
insert  into `semantic_parser`(`id`,`name`,`parse_type`,`parse_method`,`parse_addr`,`is_default`,`description`,`status`,`creator_id`,`create_time`,`modifier_id`,`modify_time`) values (2,'数字解析器',2,0,'com.hframework.datacenter.myna.parser.NumberSemanticParser',1,'同时能够解析数字的大小写',1,1,'2018-04-20 19:04:01',NULL,NULL);
insert  into `semantic_parser`(`id`,`name`,`parse_type`,`parse_method`,`parse_addr`,`is_default`,`description`,`status`,`creator_id`,`create_time`,`modifier_id`,`modify_time`) values (3,'日期解析器',3,0,'com.hframework.datacenter.myna.parser.DateSemanticParser',1,'能够解析各种格式的日期',1,1,'2018-04-20 19:04:21',NULL,NULL);
insert  into `semantic_parser`(`id`,`name`,`parse_type`,`parse_method`,`parse_addr`,`is_default`,`description`,`status`,`creator_id`,`create_time`,`modifier_id`,`modify_time`) values (4,'日期解析器',3,0,'com.hframework.datacenter.myna.parser.DateSemanticParser',1,'能够解析各种格式的日期',1,1,'2018-04-20 19:04:25',NULL,NULL);
insert  into `semantic_parser`(`id`,`name`,`parse_type`,`parse_method`,`parse_addr`,`is_default`,`description`,`status`,`creator_id`,`create_time`,`modifier_id`,`modify_time`) values (5,'相对日期解析',3,0,'com.hframework.datacenter.myna.parser.RelativeSemanticDateParser',0,'能够根据前后几天进行累加减',1,1,'2018-04-20 19:04:56',NULL,NULL);
insert  into `semantic_parser`(`id`,`name`,`parse_type`,`parse_method`,`parse_addr`,`is_default`,`description`,`status`,`creator_id`,`create_time`,`modifier_id`,`modify_time`) values (6,'正则解析',5,0,'com.hframework.datacenter.myna.parser.RegexSemanticParser',1,'正则匹配',1,1,'2018-04-20 19:05:28',NULL,NULL);
insert  into `semantic_parser`(`id`,`name`,`parse_type`,`parse_method`,`parse_addr`,`is_default`,`description`,`status`,`creator_id`,`create_time`,`modifier_id`,`modify_time`) values (7,'拼音解析',5,0,'com.hframework.datacenter.myna.parser.PinYinSemanticParser',1,'先与支持选项归一化为拼音，再对拼音进行对比',1,1,'2018-04-20 19:05:48',NULL,NULL);
insert  into `semantic_parser`(`id`,`name`,`parse_type`,`parse_method`,`parse_addr`,`is_default`,`description`,`status`,`creator_id`,`create_time`,`modifier_id`,`modify_time`) values (8,'任意值解析',5,0,'com.hframework.datacenter.myna.parser.NullSemanticParser',0,'输入任何值原样解析为行为值',1,1,'2018-05-30 16:46:12',1,'2018-05-30 16:47:02');

/*Data for the table `syntax_def` */

insert  into `syntax_def`(`id`,`type`,`expression`,`name`,`keywords`,`example`,`limits`,`status`,`creator_id`,`create_time`,`modifier_id`,`modify_time`) values (1,1,'r_v_v_v_n_y_？','代词_动词_动词_动词_名词_语气词_问号','v(-1)_n','你想要吃桃子么？',' ',1,1,'2018-06-14 15:10:58',1,'2018-06-14 15:11:22');
insert  into `syntax_def`(`id`,`type`,`expression`,`name`,`keywords`,`example`,`limits`,`status`,`creator_id`,`create_time`,`modifier_id`,`modify_time`) values (4,1,'n_r_v_？','名词_代词_动词_问号','v_n','订单如何取消？','1',1,1,'2018-06-25 16:46:54',NULL,NULL);
insert  into `syntax_def`(`id`,`type`,`expression`,`name`,`keywords`,`example`,`limits`,`status`,`creator_id`,`create_time`,`modifier_id`,`modify_time`) values (5,1,'v_v_n_y_？','动词_动词_名词_语气词_问号','v(-1)_n','可以开发票吗？','1',1,1,'2018-06-25 17:43:28',NULL,NULL);
insert  into `syntax_def`(`id`,`type`,`expression`,`name`,`keywords`,`example`,`limits`,`status`,`creator_id`,`create_time`,`modifier_id`,`modify_time`) values (6,1,'r_v_n_？','代词_动词_名词_问号','v_n','如何联系商家？','1',1,1,'2018-06-25 17:44:05',NULL,NULL);
insert  into `syntax_def`(`id`,`type`,`expression`,`name`,`keywords`,`example`,`limits`,`status`,`creator_id`,`create_time`,`modifier_id`,`modify_time`) values (7,2,'r_p_n_v_!','代词_介词_名词_动词_叹号','r_v','你给老子滚开!','1',1,1,'2018-06-26 14:59:26',NULL,NULL);
insert  into `syntax_def`(`id`,`type`,`expression`,`name`,`keywords`,`example`,`limits`,`status`,`creator_id`,`create_time`,`modifier_id`,`modify_time`) values (8,NULL,'r_v_r_!','代词_动词_代词_叹号','r(1)_v_r(-1)','我喜欢你!',' ',1,1,'2018-06-26 15:01:41',NULL,NULL);
insert  into `syntax_def`(`id`,`type`,`expression`,`name`,`keywords`,`example`,`limits`,`status`,`creator_id`,`create_time`,`modifier_id`,`modify_time`) values (9,1,'vn_r_vn_？','名动词_代词_名动词_问号','vn(-1)_vn(1)','退款怎么查询？','1',1,1,'2018-06-27 14:58:09',NULL,NULL);
insert  into `syntax_def`(`id`,`type`,`expression`,`name`,`keywords`,`example`,`limits`,`status`,`creator_id`,`create_time`,`modifier_id`,`modify_time`) values (10,1,'r_vn_n_？','代词_名动词_名词_问号','vn_n','如何验证手机？','1',1,1,'2018-06-27 14:59:12',NULL,NULL);
insert  into `syntax_def`(`id`,`type`,`expression`,`name`,`keywords`,`example`,`limits`,`status`,`creator_id`,`create_time`,`modifier_id`,`modify_time`) values (11,NULL,'r_uj_n_r_v_？','代词_助词_名词_代词_动词_问号','v_n','我的余额怎么查看？','1',1,1,'2018-06-27 15:00:45',NULL,NULL);
insert  into `syntax_def`(`id`,`type`,`expression`,`name`,`keywords`,`example`,`limits`,`status`,`creator_id`,`create_time`,`modifier_id`,`modify_time`) values (12,1,'r_v_n_an_n_？','代词_动词_名词_名形词_名词_问号','v_n(1)_an_n(-1)','如何提高账户安全等级？','1',1,1,'2018-06-27 15:01:55',NULL,NULL);
insert  into `syntax_def`(`id`,`type`,`expression`,`name`,`keywords`,`example`,`limits`,`status`,`creator_id`,`create_time`,`modifier_id`,`modify_time`) values (13,1,'v_n_r_v_？','动词_名词_代词_动词_问号','v(-1)_v(1)_n','支付密码如何开启？','1',1,1,'2018-06-27 15:02:43',NULL,NULL);
insert  into `syntax_def`(`id`,`type`,`expression`,`name`,`keywords`,`example`,`limits`,`status`,`creator_id`,`create_time`,`modifier_id`,`modify_time`) values (14,NULL,'p_r_v_n_？','介词_代词_动词_名词_问号','v_n','在哪里查询优惠券？','1',1,1,'2018-06-27 15:04:18',NULL,NULL);
insert  into `syntax_def`(`id`,`type`,`expression`,`name`,`keywords`,`example`,`limits`,`status`,`creator_id`,`create_time`,`modifier_id`,`modify_time`) values (15,1,'n_n_r_v_？','名词_名词_代词_动词_问号','v_n(1)_n(-1)','合约机资费如何计算？','1',1,1,'2018-06-27 18:21:43',NULL,NULL);
insert  into `syntax_def`(`id`,`type`,`expression`,`name`,`keywords`,`example`,`limits`,`status`,`creator_id`,`create_time`,`modifier_id`,`modify_time`) values (16,1,'n_v_r_vn_？','名词_动词_代词_名动词_问号','v_n','余额提现怎么操作？','1',1,1,'2018-06-27 18:24:20',NULL,NULL);
insert  into `syntax_def`(`id`,`type`,`expression`,`name`,`keywords`,`example`,`limits`,`status`,`creator_id`,`create_time`,`modifier_id`,`modify_time`) values (17,NULL,'p_r_v_v_v_n_？','介词_代词_动词_动词_动词_名词_问号','v(2)_n','在哪里能查看到进度？','1',1,1,'2018-06-27 18:29:39',NULL,NULL);

/*Data for the table `task` */

insert  into `task`(`id`,`code`,`name`,`model_id`,`creator_id`,`create_time`,`modifier_id`,`modify_time`,`status`,`close_utterance`,`final_utterance`,`welcome_utterance`,`faq_pattern`) values (1,'flightbooking','机票预订任务',1,1,'2018-04-20 19:14:33',1,'2018-06-01 16:34:26',1,'期待你的下次光临，再见！','请问是否继续订票？','欢迎来到八哥自助订票系统。',0);
insert  into `task`(`id`,`code`,`name`,`model_id`,`creator_id`,`create_time`,`modifier_id`,`modify_time`,`status`,`close_utterance`,`final_utterance`,`welcome_utterance`,`faq_pattern`) values (2,'lending','贷款提供任务',1,1,'2018-05-30 14:29:57',1,'2018-06-01 16:39:30',1,' ',' ',' ',1);

/*Data for the table `task_actions` */

insert  into `task_actions`(`id`,`action_trigger_value`,`task_id`,`action_id`,`utterances`,`status`,`creator_id`,`create_time`,`modifier_id`,`modify_time`) values (1,'',1,6,'19,20,21',NULL,1,'2018-06-01 16:34:26',1,NULL);
insert  into `task_actions`(`id`,`action_trigger_value`,`task_id`,`action_id`,`utterances`,`status`,`creator_id`,`create_time`,`modifier_id`,`modify_time`) values (2,'',2,6,'22,23,24',NULL,1,'2018-06-01 16:36:17',1,'2018-06-01 16:39:30');
insert  into `task_actions`(`id`,`action_trigger_value`,`task_id`,`action_id`,`utterances`,`status`,`creator_id`,`create_time`,`modifier_id`,`modify_time`) values (3,'',2,1,'26,28,27,25',NULL,1,'2018-06-01 16:38:55',1,'2018-06-01 16:39:30');

/*Data for the table `task_version` */

/*Data for the table `thesaurus` */

insert  into `thesaurus`(`id`,`name`,`description`,`TYPE`,`status`,`creator_id`,`create_time`,`modifier_id`,`modify_time`) values (1,'Ture','针对于认同类的词库',1,1,1,'2018-04-20 16:38:10',1,'2018-05-31 17:47:19');
insert  into `thesaurus`(`id`,`name`,`description`,`TYPE`,`status`,`creator_id`,`create_time`,`modifier_id`,`modify_time`) values (2,'False','针对于否定类的词库',1,1,1,'2018-04-20 16:23:11',1,'2018-05-31 17:47:38');
insert  into `thesaurus`(`id`,`name`,`description`,`TYPE`,`status`,`creator_id`,`create_time`,`modifier_id`,`modify_time`) values (6,'再见',NULL,1,1,1,'2018-06-04 16:17:56',NULL,NULL);
insert  into `thesaurus`(`id`,`name`,`description`,`TYPE`,`status`,`creator_id`,`create_time`,`modifier_id`,`modify_time`) values (7,'考虑','',1,1,1,'2018-06-04 17:01:24',1,'2018-06-05 17:59:47');
insert  into `thesaurus`(`id`,`name`,`description`,`TYPE`,`status`,`creator_id`,`create_time`,`modifier_id`,`modify_time`) values (8,'有房有车',NULL,1,1,1,'2018-06-04 17:08:10',NULL,NULL);
insert  into `thesaurus`(`id`,`name`,`description`,`TYPE`,`status`,`creator_id`,`create_time`,`modifier_id`,`modify_time`) values (9,'没房没车',NULL,1,1,1,'2018-06-04 17:22:29',NULL,NULL);
insert  into `thesaurus`(`id`,`name`,`description`,`TYPE`,`status`,`creator_id`,`create_time`,`modifier_id`,`modify_time`) values (10,'有房没车',NULL,1,1,1,'2018-06-05 16:05:25',NULL,NULL);
insert  into `thesaurus`(`id`,`name`,`description`,`TYPE`,`status`,`creator_id`,`create_time`,`modifier_id`,`modify_time`) values (11,'没房有车',NULL,1,1,1,'2018-06-05 16:05:42',NULL,NULL);
insert  into `thesaurus`(`id`,`name`,`description`,`TYPE`,`status`,`creator_id`,`create_time`,`modifier_id`,`modify_time`) values (12,'北京',NULL,1,1,1,'2018-06-05 16:20:39',NULL,NULL);
insert  into `thesaurus`(`id`,`name`,`description`,`TYPE`,`status`,`creator_id`,`create_time`,`modifier_id`,`modify_time`) values (13,'不考虑','',1,1,1,'2018-06-05 17:42:39',1,'2018-06-12 11:54:36');
insert  into `thesaurus`(`id`,`name`,`description`,`TYPE`,`status`,`creator_id`,`create_time`,`modifier_id`,`modify_time`) values (14,'在家',NULL,1,1,1,'2018-06-11 15:56:26',NULL,NULL);
insert  into `thesaurus`(`id`,`name`,`description`,`TYPE`,`status`,`creator_id`,`create_time`,`modifier_id`,`modify_time`) values (15,'',NULL,1,1,1,'2018-06-11 15:56:44',NULL,NULL);
insert  into `thesaurus`(`id`,`name`,`description`,`TYPE`,`status`,`creator_id`,`create_time`,`modifier_id`,`modify_time`) values (16,'上班',NULL,1,1,1,'2018-06-11 15:58:49',NULL,NULL);
insert  into `thesaurus`(`id`,`name`,`description`,`TYPE`,`status`,`creator_id`,`create_time`,`modifier_id`,`modify_time`) values (17,'公司',NULL,1,1,1,'2018-06-11 15:59:26',NULL,NULL);

/*Data for the table `user` */

insert  into `user`(`user_id`,`user_name`,`account`,`password`,`gender`,`mobile`,`email`,`addr`,`avatar`,`last_login_time`,`status`,`organize_id`,`creator_id`,`create_time`,`modifier_id`,`modify_time`,`del_flag`) values (1,'草鸡管理员','admin','master',NULL,'',NULL,NULL,'http://pic.hanhande.com/files/141127/1283574_094432_8946.jpg',NULL,1,1,NULL,NULL,1,'2018-06-12 14:41:01',NULL);

/*Data for the table `user_authorize` */

insert  into `user_authorize`(`user_authorize_id`,`user_id`,`organize_id`,`role_id`,`status`,`creator_id`,`create_time`,`modifier_id`,`modify_time`) values (1,1,1,1,1,1,NULL,1,'2018-06-12 14:41:01');

/*Data for the table `utterance` */

insert  into `utterance`(`id`,`content`,`resource_id`,`action_id`,`task_id`,`status`,`creator_id`,`create_time`,`modifier_id`,`modify_time`) values (1,'对不起，您的输入不正确，请重新输入!',NULL,1,NULL,1,1,'2018-04-20 18:48:21',NULL,NULL);
insert  into `utterance`(`id`,`content`,`resource_id`,`action_id`,`task_id`,`status`,`creator_id`,`create_time`,`modifier_id`,`modify_time`) values (2,'对不起，您的输入我们依然无法识别，请再次输入!',NULL,1,NULL,1,1,'2018-04-20 18:48:36',NULL,NULL);
insert  into `utterance`(`id`,`content`,`resource_id`,`action_id`,`task_id`,`status`,`creator_id`,`create_time`,`modifier_id`,`modify_time`) values (3,'对不起，您的输入不正确，仅支持如下选项：{OPTIONS}',NULL,1,NULL,1,1,'2018-04-20 18:49:12',1,'2018-04-20 18:49:34');
insert  into `utterance`(`id`,`content`,`resource_id`,`action_id`,`task_id`,`status`,`creator_id`,`create_time`,`modifier_id`,`modify_time`) values (4,'请确认您的输入是否正确？',NULL,2,NULL,1,1,'2018-04-20 18:49:50',NULL,NULL);
insert  into `utterance`(`id`,`content`,`resource_id`,`action_id`,`task_id`,`status`,`creator_id`,`create_time`,`modifier_id`,`modify_time`) values (5,'请确认您的输入是{VALUE}吗',NULL,2,NULL,1,1,'2018-04-20 18:50:55',NULL,NULL);
insert  into `utterance`(`id`,`content`,`resource_id`,`action_id`,`task_id`,`status`,`creator_id`,`create_time`,`modifier_id`,`modify_time`) values (7,'好吧，您赢了，我们继续一下话题',NULL,4,NULL,1,1,'2018-04-20 18:51:48',NULL,NULL);
insert  into `utterance`(`id`,`content`,`resource_id`,`action_id`,`task_id`,`status`,`creator_id`,`create_time`,`modifier_id`,`modify_time`) values (8,'感谢您的参与，祝您生活愉快，拜拜！',NULL,5,NULL,1,1,'2018-04-20 18:52:00',NULL,NULL);
insert  into `utterance`(`id`,`content`,`resource_id`,`action_id`,`task_id`,`status`,`creator_id`,`create_time`,`modifier_id`,`modify_time`) values (9,'{TITLE}你还在吗？',NULL,6,NULL,1,1,'2018-04-20 18:52:59',NULL,NULL);
insert  into `utterance`(`id`,`content`,`resource_id`,`action_id`,`task_id`,`status`,`creator_id`,`create_time`,`modifier_id`,`modify_time`) values (10,'好的，目的地{目的地}。',NULL,11,NULL,1,1,'2018-05-06 15:59:25',NULL,NULL);
insert  into `utterance`(`id`,`content`,`resource_id`,`action_id`,`task_id`,`status`,`creator_id`,`create_time`,`modifier_id`,`modify_time`) values (11,'好的，出发地{出发地}。',NULL,11,NULL,1,1,'2018-05-06 15:59:49',NULL,NULL);
insert  into `utterance`(`id`,`content`,`resource_id`,`action_id`,`task_id`,`status`,`creator_id`,`create_time`,`modifier_id`,`modify_time`) values (15,'好的，{启程日}出发。',NULL,11,NULL,1,1,'2018-05-06 16:00:45',NULL,NULL);
insert  into `utterance`(`id`,`content`,`resource_id`,`action_id`,`task_id`,`status`,`creator_id`,`create_time`,`modifier_id`,`modify_time`) values (16,'好的，{返程日}返程。',NULL,11,NULL,1,1,'2018-05-06 16:01:11',NULL,NULL);
insert  into `utterance`(`id`,`content`,`resource_id`,`action_id`,`task_id`,`status`,`creator_id`,`create_time`,`modifier_id`,`modify_time`) values (17,'好的，一行{人数}人。',NULL,11,NULL,1,1,'2018-05-06 16:01:48',1,NULL);
insert  into `utterance`(`id`,`content`,`resource_id`,`action_id`,`task_id`,`status`,`creator_id`,`create_time`,`modifier_id`,`modify_time`) values (18,'好的，您的订单已提交，订单编号为{订单号}。',NULL,11,NULL,1,1,'2018-05-06 16:03:23',1,'2018-05-06 16:03:34');
insert  into `utterance`(`id`,`content`,`resource_id`,`action_id`,`task_id`,`status`,`creator_id`,`create_time`,`modifier_id`,`modify_time`) values (19,'请问您在吗？',NULL,6,NULL,1,1,'2018-06-01 16:32:40',NULL,NULL);
insert  into `utterance`(`id`,`content`,`resource_id`,`action_id`,`task_id`,`status`,`creator_id`,`create_time`,`modifier_id`,`modify_time`) values (20,'您好，您还在吗',NULL,6,NULL,1,1,'2018-06-01 16:33:46',NULL,NULL);
insert  into `utterance`(`id`,`content`,`resource_id`,`action_id`,`task_id`,`status`,`creator_id`,`create_time`,`modifier_id`,`modify_time`) values (21,'在？',NULL,6,NULL,1,1,'2018-06-01 16:33:53',NULL,NULL);
insert  into `utterance`(`id`,`content`,`resource_id`,`action_id`,`task_id`,`status`,`creator_id`,`create_time`,`modifier_id`,`modify_time`) values (22,'喂，在吗',NULL,6,NULL,1,1,'2018-06-01 16:35:22',NULL,NULL);
insert  into `utterance`(`id`,`content`,`resource_id`,`action_id`,`task_id`,`status`,`creator_id`,`create_time`,`modifier_id`,`modify_time`) values (23,'喂，在听吗',NULL,6,NULL,1,1,'2018-06-01 16:35:35',NULL,NULL);
insert  into `utterance`(`id`,`content`,`resource_id`,`action_id`,`task_id`,`status`,`creator_id`,`create_time`,`modifier_id`,`modify_time`) values (24,'实在不好意思，我这边还是没有听到你的声音，要不我先挂了，好了，咱们回头再联系，再见',NULL,6,NULL,1,1,'2018-06-01 16:35:45',NULL,NULL);
insert  into `utterance`(`id`,`content`,`resource_id`,`action_id`,`task_id`,`status`,`creator_id`,`create_time`,`modifier_id`,`modify_time`) values (25,'要不这样儿、我这边先发个短信给你吧、您看下，先做个了解，我们可以再联系的，好嘛。',NULL,1,NULL,1,1,'2018-06-01 16:37:17',NULL,NULL);
insert  into `utterance`(`id`,`content`,`resource_id`,`action_id`,`task_id`,`status`,`creator_id`,`create_time`,`modifier_id`,`modify_time`) values (26,'不好意思，我这边听得不是很清楚，您能说得慢一点点嘛？',NULL,1,NULL,1,1,'2018-06-01 16:37:33',NULL,NULL);
insert  into `utterance`(`id`,`content`,`resource_id`,`action_id`,`task_id`,`status`,`creator_id`,`create_time`,`modifier_id`,`modify_time`) values (27,'你的这个问题我已经知道了，稍后我安排贷款顾问给你详细介绍',NULL,1,NULL,1,1,'2018-06-01 16:37:43',NULL,NULL);
insert  into `utterance`(`id`,`content`,`resource_id`,`action_id`,`task_id`,`status`,`creator_id`,`create_time`,`modifier_id`,`modify_time`) values (28,'稍后等一下，我这边信号不太好，您刚才说什么呀。',NULL,1,NULL,1,1,'2018-06-01 16:37:52',NULL,NULL);

/*Data for the table `words` */